2024,549300MGPZBLQDIL7538,41740,CA,06073,06073013601,C,Conventional:First Lien,Single Family (1-4 Units):Site-Built,Joint,Joint,Joint,1,3,2,1,1,1,2,2,2,655000.0,78.457,6.99,0.525,2,14685.93,NA,8536.88,7341.88,14,360,NA,NA,2,2,2,2,835000,1,1,3,5,1,NA,147,46,2,2,1,11,,,,2,,,,,2,2,5,,,,,4,41,,,,2,2,1,2,2,2,35-44,35-44,No,No,2,1,1,,,,,10,,,,5253,46.54,119500,95,1328,1627,52
2024,549300MGPZBLQDIL7538,41740,CA,06073,06073010010,C,VA:First Lien,Single Family (1-4 Units):Site-Built,Joint,Joint,Joint,1,2,2,3,1,1,2,2,2,795000.0,100,5.99,-0.324,2,29525.5,NA,0,2346.46,,360,NA,NA,2,2,2,2,775000,1,1,3,5,1,NA,141,50%-60%,3,1,1,11,,,,2,,,,,2,2,5,,,,,1,5,,,,2,2,1,2,2,2,35-44,25-34,No,No,2,1,1,,,,,10,,,,5506,91.61,119500,47,1025,1356,43
2024,549300MGPZBLQDIL7538,41740,CA,06073,06073018608,C,VA:First Lien,Single Family (1-4 Units):Site-Built,Hispanic or Latino,Joint,Joint,1,2,2,3,1,1,2,2,2,575000.0,100,6.25,-0.169,2,23344.44,NA,421.74,1443.62,,360,NA,NA,2,2,2,2,555000,1,1,3,5,1,NA,186,50%-60%,2,1,1,,,,,14,,,,,2,2,2,24,,,,5,,,,,2,2,1,2,2,2,35-44,35-44,No,No,1,1,1,,,,,10,,,,3103,54.85,119500,122,925,1050,31
2024,549300MGPZBLQDIL7538,41740,CA,06073,06073019105,C,Conventional:First Lien,Single Family (1-4 Units):Site-Built,Not Hispanic or Latino,Joint,Female,1,3,1,1,1,1,2,2,2,865000.0,80,7.625,1.035,2,475,NA,0,,,360,NA,NA,2,2,2,2,1075000,1,1,3,5,1,NA,268,38,3,3,2,,,,,2,,,,,2,2,2,5,23,,,2,5,23,,,2,2,2,2,2,2,45-54,45-54,No,No,1,1,1,,,,,10,,,,6920,31.78,119500,128,2161,2462,38
2024,549300MGPZBLQDIL7538,41740,CA,06073,06073013317,C,Conventional:First Lien,Single Family (1-4 Units):Site-Built,Not Hispanic or Latino,Joint,Joint,1,3,1,1,1,1,2,2,2,1005000.0,72.17,6.99,0.17,2,22348.4,NA,14855,13010,10004.95,360,NA,NA,2,2,2,2,1385000,1,1,3,5,1,NA,223,48,3,1,2,,,,,2,,,,,2,2,5,,,,,2,5,23,,,2,2,1,2,2,2,45-54,45-54,No,No,1,1,1,,,,,10,,,,16159,87.8,119500,136,2863,3244,8
2024,549300MGPZBLQDIL7538,41740,CA,06073,06073014702,C,Conventional:First Lien,Single Family (1-4 Units):Site-Built,Not Hispanic or Latino,Joint,Joint,1,3,2,1,1,1,2,2,1,725000.0,48.333,6.875,NA,3,NA,NA,NA,NA,NA,360,NA,NA,2,2,2,2,1505000,1,3,3,5,1,NA,719,47,2,1,2,,,,,2,,,,,2,2,2,27,,,,5,,,,,2,2,1,2,2,2,55-64,55-64,No,No,1,1,2,,,,,10,,,,4239,48.12,119500,98,972,1525,63
2024,549300MGPZBLQDIL7538,41740,CA,06073,06073016811,C,Conventional:First Lien,Single Family (1-4 Units):Site-Built,Not Hispanic or Latino,Joint,Joint,1,3,2,1,1,1,2,2,2,765000.0,85,7.49,0.678,2,8607.11,NA,3532.36,1582.36,,360,NA,NA,2,2,2,2,895000,1,1,3,5,1,NA,222,43,3,2,2,,,,,2,,,,,2,2,2,5,22,26,,5,,,,,2,2,1,2,2,2,25-34,25-34,No,No,1,1,2,,,,,10,,,,4677,32.41,119500,116,1222,1678,43
2024,549300MGPZBLQDIL7538,41740,CA,06073,06073012600,C,Conventional:First Lien,Single Family (1-4 Units):Site-Built,Hispanic or Latino,Joint,Joint,1,3,1,1,1,1,2,2,2,665000.0,84.973,7.49,0.722,2,7391.28,NA,2100,,,360,NA,NA,2,2,2,2,785000,1,1,3,5,1,NA,185,49,1,1,1,11,,,,1,11,,,,2,2,1,5,,,,1,5,,,,2,2,1,2,2,2,45-54,45-54,No,No,1,1,1,,,,,10,,,,5143,88.45,119500,61,685,1406,62
2024,549300MGPZBLQDIL7538,41740,CA,06073,06073010401,C,VA:First Lien,Single Family (1-4 Units):Site-Built,Not Hispanic or Latino,Joint,Joint,1,2,1,3,1,1,2,2,2,385000.0,100,7.25,0.93,2,8105.5,NA,0,531.44,,360,NA,NA,2,2,2,2,375000,1,1,3,5,1,NA,116,50%-60%,2,3,2,,,,,3,,,,,2,2,3,5,,,,5,,,,,2,2,1,2,2,2,35-44,35-44,No,No,1,1,1,,,,,10,,,,2452,76.88,119500,57,234,598,52
2024,549300MGPZBLQDIL7538,41740,CA,06073,06073020110,C,Conventional:First Lien,Single Family (1-4 Units):Site-Built,Not Hispanic or Latino,Joint,Joint,1,1,1,1,1,1,2,2,2,765000.0,95,7.375,0.387,2,7168.4,NA,2100,,,360,NA,NA,2,2,2,2,805000,1,1,3,5,1,NA,266,40,2,3,2,,,,,2,,,,,2,2,5,,,,,25,,,,,2,2,2,1,2,2,25-34,25-34,No,No,1,1,1,,,,,10,,,,7812,51.93,119500,153,1742,2410,33
2024,549300MGPZBLQDIL7538,41740,CA,06073,06073018510,C,Conventional:First Lien,Single Family (1-4 Units):Site-Built,Not Hispanic or Latino,Joint,Joint,1,3,1,1,1,1,2,2,2,725000.0,80,7.125,0.627,2,7358,NA,1995,,1810,360,NA,NA,2,2,2,2,905000,1,1,3,5,1,NA,222,30%-<36%,1,2,2,,,,,2,,,,,2,2,5,,,,,2,5,22,,,2,2,1,2,2,2,25-34,25-34,No,No,1,1,1,,,,,10,,,,3419,65.66,119500,77,653,895,52
2024,549300MGPZBLQDIL7538,41740,CA,06073,06073015403,NC,Conventional:First Lien,Single Family (1-4 Units):Site-Built,Not Hispanic or Latino,Joint,Joint,1,71,1,1,1,1,2,2,2,1075000.0,77.061,7.375,0.652,2,16389.4,NA,10057.5,8062.5,595,360,NA,NA,2,2,2,2,1395000,1,1,3,5,1,NA,257,49,3,2,2,,,,,2,,,,,2,2,2,5,23,,,5,,,,,2,2,6,3,2,2,35-44,35-44,No,No,1,1,1,,,,,10,,,,2545,22.48,119500,148,731,811,51
2024,549300MGPZBLQDIL7538,41740,CA,06073,06073008352,C,Conventional:First Lien,Single Family (1-4 Units):Site-Built,Not Hispanic or Latino,Joint,Joint,1,1,1,1,1,1,2,2,2,765000.0,69.371,6.625,-0.122,2,9284.28,NA,3911.38,1916.38,,360,NA,NA,2,2,2,2,1105000,1,1,3,5,1,NA,176,44,3,1,2,,,,,2,,,,,2,2,2,5,24,,,5,,,,,2,2,2,1,2,2,35-44,35-44,No,No,1,1,1,,,,,10,,,,3544,76.19,119500,99,508,738,43
2024,549300MGPZBLQDIL7538,41740,CA,06073,06073014902,C,Conventional:First Lien,Single Family (1-4 Units):Site-Built,Not Hispanic or Latino,Joint,Joint,1,3,2,1,1,1,2,2,2,365000.0,80,6.49,0.124,2,6846.25,NA,3645,1800,,360,NA,NA,2,2,2,2,455000,1,1,3,5,1,NA,79,49,3,3,2,,,,,2,,,,,2,2,5,,,,,2,24,,,,2,2,1,2,2,2,25-34,25-34,No,No,1,1,1,,,,,10,,,,3340,40.45,119500,85,401,827,60
2024,549300MGPZBLQDIL7538,41740,CA,06073,06073016000,C,Conventional:First Lien,Single Family (1-4 Units):Site-Built,Not Hispanic or Latino,Joint,Joint,1,1,1,1,1,1,2,2,2,475000.0,55.882,5.99,-0.518,2,16760.9,NA,12532.5,10687.5,,360,NA,NA,2,2,2,2,855000,1,1,3,5,1,NA,169,20%-<30%,2,1,2,,,,,2,,,,,2,2,5,,,,,2,22,,,,2,2,1,2,2,2,35-44,25-34,No,No,1,1,1,,,,,10,,,,2628,47.79,119500,106,522,754,60
2024,549300MGPZBLQDIL7538,41740,CA,06073,06073016804,C,Conventional:First Lien,Single Family (1-4 Units):Site-Built,Joint,Joint,Joint,1,3,2,1,1,1,2,2,2,765000.0,95,5.99,-0.093,2,6850.25,NA,1845,,2391.02,360,NA,NA,2,2,2,2,805000,1,1,3,5,1,NA,195,42,2,2,1,14,,,,2,,,,,2,2,5,,,,,2,5,24,,,2,2,1,2,2,2,35-44,35-44,No,No,1,1,2,,,,,10,,,,7727,45.99,119500,78,1218,1433,41
2024,549300MGPZBLQDIL7538,41740,CA,06073,06073009705,C,Conventional:First Lien,Single Family (1-4 Units):Site-Built,Not Hispanic or Latino,Joint,Joint,1,3,2,1,1,1,2,2,2,845000.0,62.593,5.625,-0.656,2,14384.1,NA,7024.85,5179.85,,360,NA,NA,2,2,2,2,1355000,1,1,3,5,1,NA,169,49,3,2,2,,,,,2,,,,,2,2,5,22,,,,5,,,,,2,2,2,1,2,2,35-44,35-44,No,No,1,1,2,,,,,10,,,,3847,37.07,119500,152,1006,1038,52
2024,549300MGPZBLQDIL7538,41740,CA,06073,06073002301,C,Conventional:First Lien,Single Family (1-4 Units):Site-Built,Not Hispanic or Latino,Joint,Joint,1,1,2,1,1,1,2,2,2,575000.0,97,7.625,1.234,2,10137.38,NA,5349.48,,2000,360,NA,NA,2,2,2,2,595000,1,1,3,5,1,NA,251,20%-<30%,1,3,2,,,,,2,,,,,2,2,2,25,,,,5,,,,,2,2,2,1,2,2,25-34,25-34,No,No,1,1,1,,,,,10,,,,2976,82.46,119500,49,184,412,50
2024,549300MGPZBLQDIL7538,41740,CA,06073,06073007100,NC,Conventional:First Lien,Single Family (1-4 Units):Site-Built,Not Hispanic or Latino,Joint,Joint,1,9,2,1,1,1,2,2,2,1225000.0,80,6.75,0.777,2,12881.05,NA,6974.8,4834.8,,360,NA,NA,2,2,2,2,1535000,1,1,3,5,1,NA,509,45,2,2,2,,,,,2,,,,,2,2,5,,,,,2,,,,,2,2,1,2,2,2,35-44,25-34,No,No,1,1,6,,,,,10,,,,4646,18.14,119500,187,1739,1814,60
2024,549300MGPZBLQDIL7538,41740,CA,06073,06073010018,C,Conventional:First Lien,Single Family (1-4 Units):Site-Built,Ethnicity Not Available,Joint,Joint,1,3,2,1,1,1,2,2,2,855000.0,95,6.625,0.506,2,12428.45,NA,6962.2,4822.2,,360,NA,NA,2,2,2,2,905000,1,1,3,5,1,NA,290,44,1,1,3,,,,,3,,,,,2,2,5,42,,,,5,,,,,2,2,2,1,2,2,35-44,35-44,No,No,1,1,1,,,,,10,,,,6718,90.18,119500,97,936,1221,16
2024,549300MGPZBLQDIL7538,41740,CA,06073,06073018608,C,VA:First Lien,Single Family (1-4 Units):Manufactured,Joint,Joint,Joint,1,2,2,3,31,1,2,2,2,425000.0,84.966,5.75,-0.511,2,3613.25,NA,1990,,,360,NA,NA,2,2,2,2,495000,2,1,1,1,1,NA,NA,NA,2,2,2,,,,,1,11,,,,2,2,3,,,,,5,,,,,2,2,1,2,2,2,65-74,65-74,Yes,Yes,1,1,6,,,,,10,,,,3103,54.85,119500,122,925,1050,31
2024,549300MGPZBLQDIL7538,41740,CA,06073,06073017063,C,Conventional:Subordinate Lien,Single Family (1-4 Units):Site-Built,Not Hispanic or Latino,Joint,Joint,1,71,2,1,32,2,2,2,2,335000.0,73.653,8.875,3.143,2,8443.25,NA,6275,1980,,360,NA,NA,2,2,2,2,1405000,1,1,3,5,1,NA,262,42,1,1,2,,,,,2,,,,,2,2,5,,,,,2,,,,,2,2,1,2,2,2,35-44,35-44,No,No,1,1,6,,,,,10,,,,4659,42.8,119500,163,860,1058,35
2024,549300MGPZBLQDIL7538,41740,CA,06073,06073013317,NC,VA:First Lien,Single Family (1-4 Units):Site-Built,Not Hispanic or Latino,Joint,Joint,1,2,2,3,1,1,2,2,2,1025000.0,100,6.25,-0.4,2,9411.65,NA,3727.4,1737.4,,360,NA,NA,2,2,2,2,1025000,1,1,3,5,1,NA,309,50%-60%,1,3,2,,,,,2,,,,,2,2,3,,,,,5,,,,,2,2,1,2,2,2,45-54,35-44,No,No,1,1,1,,,,,10,,,,16159,87.8,119500,136,2863,3244,8
2024,549300MGPZBLQDIL7538,41740,CA,06073,06073008702,C,VA:First Lien,Single Family (1-4 Units):Site-Built,Not Hispanic or Latino,Joint,Joint,1,0,2,3,1,1,2,2,2,675000.0,100,6.25,-0.422,2,6940.75,NA,1990,,677,360,NA,NA,2,2,2,2,675000,1,1,3,5,1,NA,190,50%-60%,1,2,2,,,,,2,,,,,2,2,3,,,,,5,,,,,2,2,1,2,2,2,35-44,35-44,No,No,1,1,1,,,,,10,,,,4750,60,119500,99,748,1212,49
2024,549300MGPZBLQDIL7538,41740,CA,06073,06073020108,C,VA:First Lien,Single Family (1-4 Units):Site-Built,Joint,Joint,Joint,1,0,2,3,1,1,2,2,2,525000.0,100,6.75,-0.021,2,1978.29,NA,0,1076.4,,360,NA,NA,2,2,2,2,525000,1,1,3,5,1,NA,154,44,1,2,2,,,,,1,11,,,,2,2,3,,,,,5,,,,,2,2,1,2,2,2,<25,<25,No,No,1,1,1,,,,,10,,,,5901,85.04,119500,72,460,705,41
2024,549300MGPZBLQDIL7538,41740,CA,06073,06073020813,C,Conventional:First Lien,Single Family (1-4 Units):Site-Built,Hispanic or Latino,Joint,Joint,1,3,1,1,1,1,2,2,2,655000.0,90,6.99,1.061,2,14154.25,NA,9607.5,8212.5,,360,NA,NA,2,2,2,2,735000,1,1,3,5,1,NA,220,46,1,3,1,,,,,1,,,,,2,2,5,22,,,,5,,,,,2,2,1,2,2,2,35-44,25-34,No,No,1,1,1,,,,,10,,,,4983,41.12,119500,95,1042,1560,43
2024,549300MGPZBLQDIL7538,41740,CA,06073,06073017014,C,Conventional:First Lien,Single Family (1-4 Units):Site-Built,Not Hispanic or Latino,Joint,Joint,1,3,2,1,1,1,2,2,2,305000.0,26.27,5.875,0.183,2,8000.59,NA,3687,2292,,180,NA,NA,2,2,2,2,1145000,1,1,3,5,1,NA,134,43,3,3,2,,,,,2,,,,,2,2,5,,,,,2,22,,,,2,2,1,2,2,2,>74,>74,Yes,Yes,1,1,2,,,,,10,,,,2493,19.82,119500,86,1031,1442,51
2024,549300MGPZBLQDIL7538,41740,CA,06073,06073019811,C,Conventional:First Lien,Single Family (1-4 Units):Manufactured,Not Hispanic or Latino,Joint,Joint,1,0,2,1,1,1,2,2,2,675000.0,90,7.5,1.314,2,8336.65,NA,2891.5,1496.5,,360,NA,NA,2,2,2,2,745000,2,1,1,1,1,NA,151,49,1,1,2,,,,,2,,,,,2,2,5,,,,,2,,,,,2,2,1,2,2,2,65-74,55-64,Yes,No,1,1,2,,,,,10,,,,7330,40.9,119500,145,1586,1773,15
2024,549300MGPZBLQDIL7538,41740,CA,06073,06073020712,C,Conventional:First Lien,Single Family (1-4 Units):Site-Built,Joint,Joint,Joint,1,3,2,1,1,1,2,2,2,945000.0,89.549,7.49,0.99,2,11836.9,NA,6107.5,4712.5,100,360,NA,NA,2,2,2,2,1055000,1,1,3,5,1,NA,298,41,3,1,2,,,,,11,,,,,2,2,3,23,,,,5,,,,,2,2,1,2,2,2,35-44,35-44,No,No,1,1,1,,,,,10,,,,4856,52.62,119500,115,1391,1497,34
2024,549300MGPZBLQDIL7538,41740,CA,06073,06073009802,NC,VA:First Lien,Single Family (1-4 Units):Site-Built,Not Hispanic or Latino,Joint,Joint,1,2,2,3,1,1,2,2,2,1025000.0,90,6.75,-0.287,2,13300,NA,0,8134.18,,360,NA,NA,2,2,2,2,1125000,1,1,3,5,1,NA,230,>60%,3,2,2,,,,,2,,,,,2,2,5,27,,,,5,,,,,2,2,1,2,2,2,35-44,35-44,No,No,1,1,1,,,,,10,,,,6586,46.83,119500,103,1648,1816,55
2024,549300MGPZBLQDIL7538,41740,CA,06073,06073014901,C,Conventional:First Lien,Single Family (1-4 Units):Site-Built,Joint,Joint,Joint,1,1,2,1,1,1,2,2,2,765000.0,61.28,6.625,-0.167,2,25603.39,NA,19035.64,,,360,NA,NA,2,2,2,2,1255000,1,1,3,5,1,NA,249,45,2,2,2,,,,,1,,,,,2,2,5,,,,,4,,,,,2,2,1,2,2,2,35-44,35-44,No,No,1,1,1,,,,,10,,,,4742,44.58,119500,98,721,1179,50
2024,549300MGPZBLQDIL7538,41740,CA,06073,06073010017,C,VA:First Lien,Single Family (1-4 Units):Site-Built,Joint,Joint,Joint,1,2,2,3,1,1,2,2,2,765000.0,100,6.75,0.282,2,40412.28,NA,18718.83,1187.19,,360,NA,NA,2,2,2,2,745000,1,1,3,5,1,NA,193,>60%,1,2,1,11,,,,2,,,,,2,2,5,,,,,2,5,21,,,2,2,1,2,2,2,25-34,25-34,No,No,1,1,1,,,,,10,,,,5818,89.05,119500,117,1089,1266,16
2024,549300MGPZBLQDIL7538,41740,CA,06073,06073001700,C,VA:First Lien,Single Family (1-4 Units):Site-Built,Joint,Joint,Joint,1,2,1,3,1,1,2,2,2,815000.0,100,5.99,-0.628,2,22664.25,NA,0,,,360,NA,NA,2,2,2,2,805000,1,1,3,5,1,NA,217,38,3,1,1,14,,,,2,,,,,2,2,5,,,,,2,23,,,,2,2,1,2,2,2,35-44,35-44,No,No,1,1,1,,,,,10,,,,4521,55.87,119500,81,625,1126,48
2024,549300MGPZBLQDIL7538,41740,CA,06073,06073001000,C,Conventional:First Lien,Single Family (1-4 Units):Site-Built,Not Hispanic or Latino,Joint,Joint,1,3,2,1,1,1,2,2,2,675000.0,90,6.99,1.002,2,13592.75,NA,8267.5,6772.5,,360,NA,NA,2,2,2,2,755000,1,1,3,5,1,NA,297,30%-<36%,1,2,2,,,,,2,,,,,2,2,5,,,,,2,25,,,,2,2,2,1,2,2,25-34,25-34,No,No,1,1,2,,,,,10,,,,4690,44.8,119500,76,579,1143,55
2024,549300MGPZBLQDIL7538,41740,CA,06073,06073018801,C,Conventional:First Lien,Single Family (1-4 Units):Site-Built,Joint,Joint,Joint,1,3,2,1,1,1,2,2,2,1005000.0,93.785,7.49,1.077,2,17954.25,NA,11530,10035,,360,NA,NA,2,2,2,2,1075000,1,1,3,5,1,NA,279,44,3,3,2,,,,,1,11,14,,,2,2,2,5,24,,,5,,,,,2,2,1,2,2,2,25-34,25-34,No,No,1,1,2,,,,,10,,,,3808,34.4,119500,102,1101,1309,38
2024,549300MGPZBLQDIL7538,41740,CA,06073,06073018905,C,Conventional:First Lien,Single Family (1-4 Units):Site-Built,Not Hispanic or Latino,Joint,Joint,1,0,2,1,1,1,2,2,2,545000.0,85.808,6.875,0.178,2,6492.25,NA,1495,,,360,NA,NA,2,2,2,2,635000,1,1,3,5,1,NA,187,30%-<36%,2,2,2,,,,,2,,,,,2,2,5,,,,,3,,,,,2,2,2,1,2,2,35-44,35-44,No,No,1,1,2,,,,,10,,,,6764,71.66,119500,70,824,1259,40
2024,549300MGPZBLQDIL7538,41740,CA,06073,06073002902,C,Conventional:First Lien,Single Family (1-4 Units):Site-Built,Not Hispanic or Latino,Joint,Male,1,1,2,1,1,1,2,2,2,675000.0,90,7.375,1.15,2,11300.75,NA,5045.5,3550.5,,360,NA,NA,2,2,2,2,755000,1,1,3,5,1,NA,215,49,2,1,2,,,,,3,,,,,2,2,5,,,,,2,5,23,,,2,2,1,1,2,2,45-54,45-54,No,No,1,1,1,,,,,10,,,,6540,53.2,119500,90,1070,1532,60
2024,549300MGPZBLQDIL7538,41740,CA,06073,06073002905,C,Conventional:First Lien,Single Family (1-4 Units):Site-Built,Not Hispanic or Latino,Joint,Joint,1,6,2,1,1,1,2,2,2,345000.0,90,6.625,0.438,2,15278.37,NA,11237.12,8657.12,,360,NA,NA,2,2,2,2,375000,1,1,3,5,1,NA,200,44,1,2,2,,,,,2,,,,,2,2,3,5,,,,5,,,,,2,2,1,2,2,2,<25,45-54,No,No,1,1,1,,,,,10,,,,4335,62.63,119500,76,721,1309,54
