2024,549300MGPZBLQDIL7538,41740,CA,06073,06073017308,C,VA:First Lien,Single Family (1-4 Units):Site-Built,Ethnicity Not Available,White,Joint,4,0,2,3,1,1,2,2,2,305000.0,NA,NA,NA,3,NA,NA,NA,NA,NA,360,NA,NA,2,2,2,2,NA,1,1,3,5,1,NA,68,NA,9,9,3,,,,,3,,,,,2,2,5,,,,,5,,,,,2,2,1,2,2,2,65-74,65-74,Yes,Yes,1,3,1,,,,,10,,,,3178,43.23,119500,112,489,701,41
2024,549300MGPZBLQDIL7538,41740,CA,06073,06073017058,C,VA:First Lien,Single Family (1-4 Units):Site-Built,Joint,White,Joint,4,0,2,3,1,1,2,2,2,605000.0,NA,NA,NA,3,NA,NA,NA,NA,NA,360,NA,NA,2,2,2,2,NA,1,1,3,5,1,NA,118,NA,9,9,1,13,,,,2,,,,,2,2,5,,,,,5,,,,,2,2,1,2,2,2,25-34,25-34,No,No,2,3,1,,,,,10,,,,4048,48.52,119500,129,988,1169,32
2024,549300MGPZBLQDIL7538,41740,CA,06073,06073010201,NC,VA:First Lien,Single Family (1-4 Units):Site-Built,Not Hispanic or Latino,White,Male,3,0,2,3,1,1,2,2,2,1385000.0,91.667,NA,NA,3,NA,NA,NA,NA,NA,360,NA,NA,2,2,2,2,1505000,1,1,3,5,2,NA,311,49,3,2,2,,,,,3,,,,,2,2,5,,,,,6,,,,,2,2,1,3,2,2,25-34,25-34,No,No,1,3,2,,,,,9,,,,2768,41.94,119500,101,720,921,42
2024,549300MGPZBLQDIL7538,41740,CA,06073,06073008901,C,VA:First Lien,Single Family (1-4 Units):Site-Built,Not Hispanic or Latino,White,Male,3,0,2,3,1,1,2,2,2,685000.0,100,NA,NA,3,NA,NA,NA,NA,NA,360,NA,NA,2,2,2,2,675000,1,1,3,5,1,NA,128,50%-60%,9,10,2,,,,,5,,,,,2,4,5,,,,,8,,,,,2,4,1,5,2,4,25-34,9999,No,NA,2,3,6,,,,,1,,,,5036,53.71,119500,66,988,1087,37
2024,549300MGPZBLQDIL7538,41740,CA,06073,06073019405,C,VA:First Lien,Single Family (1-4 Units):Site-Built,Not Hispanic or Latino,White,Joint,3,0,2,3,1,1,2,2,2,1005000.0,100,NA,NA,3,NA,NA,NA,NA,NA,360,NA,NA,2,2,2,2,1005000,1,1,3,5,1,NA,262,38,9,9,2,,,,,2,,,,,2,2,5,,,,,5,,,,,2,2,1,2,2,2,45-54,45-54,No,No,2,3,1,,,,,7,,,,3813,70.5,119500,84,575,903,35
2024,549300MGPZBLQDIL7538,41740,CA,06073,06073016100,C,VA:First Lien,Single Family (1-4 Units):Site-Built,Not Hispanic or Latino,White,Joint,4,0,2,3,1,1,2,2,2,765000.0,NA,NA,NA,3,NA,NA,NA,NA,NA,360,NA,NA,2,2,2,2,NA,1,1,3,5,1,NA,194,NA,9,9,2,,,,,2,,,,,2,2,5,,,,,5,,,,,2,2,1,2,2,2,35-44,25-34,No,No,1,3,1,,,,,10,,,,5991,40.96,119500,104,1500,1943,61
2024,549300MGPZBLQDIL7538,41740,CA,06073,06073020209,C,VA:First Lien,Single Family (1-4 Units):Site-Built,Not Hispanic or Latino,White,Male,4,0,2,3,1,1,2,2,2,765000.0,NA,NA,NA,3,NA,NA,NA,NA,NA,360,NA,NA,2,2,2,2,NA,1,1,3,5,1,NA,145,NA,9,9,2,,,,,5,,,,,2,4,5,,,,,8,,,,,2,4,1,5,2,4,>74,9999,Yes,NA,2,3,1,,,,,10,,,,4882,74.31,119500,56,554,951,44
2024,549300MGPZBLQDIL7538,41740,CA,06073,06073020017,C,VA:First Lien,Single Family (1-4 Units):Site-Built,Not Hispanic or Latino,White,Female,4,0,2,3,1,1,2,2,2,725000.0,NA,NA,NA,3,NA,NA,NA,NA,NA,360,NA,NA,2,2,2,2,NA,1,1,3,5,1,NA,144,NA,9,9,2,,,,,5,,,,,2,4,5,,,,,8,,,,,2,4,2,5,2,4,35-44,9999,No,NA,1,3,1,,,,,10,,,,3187,61.66,119500,67,378,511,38
2024,549300MGPZBLQDIL7538,41740,CA,06073,06073014400,C,VA:First Lien,Single Family (1-4 Units):Site-Built,Joint,White,Joint,4,0,2,3,1,1,2,2,2,675000.0,NA,NA,NA,3,NA,NA,NA,NA,NA,360,NA,NA,2,2,2,2,NA,1,1,3,5,1,NA,196,NA,9,9,2,,,,,1,11,,,,2,2,5,,,,,5,,,,,2,2,1,2,2,2,45-54,45-54,No,No,1,3,1,,,,,10,,,,4270,81.03,119500,45,223,632,40
2024,549300MGPZBLQDIL7538,41740,CA,06073,06073016606,C,VA:First Lien,Single Family (1-4 Units):Site-Built,Joint,White,Joint,4,0,2,3,1,1,2,2,2,705000.0,NA,NA,NA,3,NA,NA,NA,NA,NA,360,NA,NA,2,2,2,2,NA,1,1,3,5,1,NA,278,NA,9,9,1,,,,,2,,,,,2,2,5,,,,,5,,,,,2,2,2,1,2,2,35-44,35-44,No,No,1,3,1,,,,,10,,,,3576,35.6,119500,131,937,1162,44
2024,549300MGPZBLQDIL7538,41740,CA,06073,06073008357,C,VA:First Lien,Single Family (1-4 Units):Site-Built,Hispanic or Latino,White,Female,7,0,1,3,1,1,2,2,2,455000.0,100,NA,NA,3,NA,NA,NA,NA,NA,360,NA,NA,2,2,2,2,455000,1,1,3,5,1,NA,132,39,3,10,11,,,,,5,,,,,2,4,5,,,,,8,,,,,2,4,2,5,2,4,35-44,9999,No,NA,1,3,1,,,,,3,,,,4500,83.09,119500,102,821,968,39
2024,549300MGPZBLQDIL7538,41740,CA,06073,06073019602,C,VA:First Lien,Single Family (1-4 Units):Site-Built,Hispanic or Latino,White,Male,4,0,2,3,1,1,2,2,2,965000.0,NA,NA,NA,3,NA,NA,NA,NA,NA,360,NA,NA,2,2,2,2,NA,1,1,3,5,1,NA,147,NA,9,9,1,11,,,,5,,,,,2,4,5,,,,,8,,,,,2,4,1,5,2,4,25-34,9999,No,NA,1,3,1,,,,,10,,,,5438,53.95,119500,88,982,1264,45
2024,549300MGPZBLQDIL7538,41740,CA,06073,06073013317,C,VA:First Lien,Single Family (1-4 Units):Site-Built,Hispanic or Latino,White,Joint,4,0,2,3,1,1,2,2,2,945000.0,NA,NA,NA,3,NA,NA,NA,NA,NA,360,NA,NA,2,2,2,2,NA,1,1,3,5,1,NA,372,NA,9,9,1,11,,,,1,11,,,,2,2,5,,,,,5,,,,,2,2,2,1,2,2,25-34,25-34,No,No,1,3,6,,,,,10,,,,16159,87.8,119500,136,2863,3244,8
2024,549300MGPZBLQDIL7538,41740,CA,06073,06073009307,C,VA:First Lien,Single Family (1-4 Units):Site-Built,Not Hispanic or Latino,White,Male,7,0,1,3,1,1,2,2,2,915000.0,97.897,NA,NA,3,NA,NA,NA,NA,NA,360,NA,NA,2,2,2,2,905000,1,1,3,5,1,NA,144,>60%,1,10,2,,,,,5,,,,,2,4,5,,,,,8,,,,,2,4,1,5,2,4,25-34,9999,No,NA,1,3,1,,,,,7,,,,4863,52.7,119500,70,323,149,25
2024,549300MGPZBLQDIL7538,41740,CA,06073,06073015200,NC,VA:First Lien,Single Family (1-4 Units):Site-Built,Not Hispanic or Latino,White,Joint,7,0,1,3,1,1,2,2,2,1425000.0,132.093,NA,NA,3,NA,NA,NA,NA,NA,360,NA,NA,2,2,2,2,1075000,1,1,3,5,1,NA,296,49,1,2,2,,,,,2,,,,,2,2,5,,,,,5,,,,,2,2,1,2,2,2,45-54,45-54,No,No,1,3,1,,,,,7,,,,3958,29.28,119500,151,1258,1449,62
2024,549300MGPZBLQDIL7538,41740,CA,06073,06073009307,C,VA:First Lien,Single Family (1-4 Units):Site-Built,Not Hispanic or Latino,White,Joint,7,0,1,3,1,1,2,2,2,605000.0,100,NA,NA,3,NA,NA,NA,NA,NA,360,NA,NA,2,2,2,2,605000,1,1,3,5,1,NA,100,>60%,3,3,2,,,,,2,,,,,2,2,5,,,,,6,,,,,2,2,1,2,2,2,35-44,25-34,No,No,1,3,1,,,,,7,,,,4863,52.7,119500,70,323,149,25
2024,549300MGPZBLQDIL7538,41740,CA,06073,06073016610,C,VA:First Lien,Single Family (1-4 Units):Site-Built,Joint,White,Joint,4,0,2,3,31,1,2,2,2,825000.0,NA,NA,NA,3,NA,NA,NA,NA,NA,360,NA,NA,2,2,2,2,NA,1,1,3,5,1,NA,NA,NA,9,9,1,11,,,,2,,,,,2,2,5,,,,,5,,,,,2,2,1,2,2,2,25-34,25-34,No,No,1,3,6,,,,,10,,,,4334,36.11,119500,81,1074,1324,44
2024,549300MGPZBLQDIL7538,41740,CA,06073,06073014001,C,VA:First Lien,Single Family (1-4 Units):Site-Built,Not Hispanic or Latino,White,Joint,3,0,2,3,31,1,2,2,2,755000.0,87.66,NA,NA,3,NA,NA,NA,NA,NA,360,NA,NA,2,2,2,2,855000,1,1,3,5,2,NA,NA,NA,2,2,2,,,,,2,,,,,2,2,5,,,,,5,,,,,2,2,1,2,2,2,25-34,25-34,No,No,1,3,6,,,,,9,,,,4941,69.08,119500,76,764,1427,59
2024,549300MGPZBLQDIL7538,41740,CA,06073,06073016610,C,VA:First Lien,Single Family (1-4 Units):Site-Built,Joint,White,Joint,4,0,2,3,1,1,2,2,2,695000.0,NA,NA,NA,3,NA,NA,NA,NA,NA,360,NA,NA,2,2,2,2,NA,1,1,3,5,1,NA,253,NA,9,9,1,,,,,2,,,,,2,2,5,,,,,5,,,,,2,2,2,1,2,2,35-44,35-44,No,No,1,3,1,,,,,10,,,,4334,36.11,119500,81,1074,1324,44
2024,549300MGPZBLQDIL7538,41740,CA,06073,06073020806,C,VA:First Lien,Single Family (1-4 Units):Site-Built,Joint,White,Joint,3,0,2,3,1,1,2,2,2,925000.0,100,NA,NA,3,NA,NA,NA,NA,NA,360,NA,NA,2,2,2,2,925000,1,1,3,5,1,NA,407,50%-60%,2,3,2,,,,,1,11,,,,2,2,5,,,,,5,,,,,2,2,2,1,2,2,45-54,55-64,No,Yes,1,3,1,,,,,5,,,,6158,48.88,119500,77,969,1313,37
2024,549300MGPZBLQDIL7538,41740,CA,06073,06073002702,C,VA:First Lien,Single Family (1-4 Units):Site-Built,Not Hispanic or Latino,White,Joint,4,0,2,3,31,1,2,2,2,765000.0,NA,NA,NA,3,NA,NA,NA,NA,NA,360,NA,NA,2,2,2,2,NA,1,1,3,5,1,NA,NA,NA,9,9,2,,,,,2,,,,,2,2,5,,,,,5,,,,,2,2,1,2,2,2,25-34,25-34,No,No,1,3,6,,,,,10,,,,5695,70.94,119500,81,702,978,51
2024,549300MGPZBLQDIL7538,41740,CA,06073,06073017058,C,VA:First Lien,Single Family (1-4 Units):Site-Built,Joint,White,Joint,1,2,2,3,1,1,2,2,2,565000.0,95,5.75,-0.541,2,17905.21,NA,5872.21,5752.21,,360,NA,NA,2,2,2,2,585000,1,1,3,5,1,NA,118,49,2,3,1,13,,,,2,,,,,2,2,5,,,,,5,,,,,2,2,1,2,2,2,25-34,25-34,No,No,2,1,1,,,,,10,,,,4048,48.52,119500,129,988,1169,32
2024,549300MGPZBLQDIL7538,41740,CA,06073,06073018906,NC,VA:First Lien,Single Family (1-4 Units):Site-Built,Not Hispanic or Latino,White,Male,1,2,2,3,1,1,2,2,2,1125000.0,100,6.75,-0.114,2,38564.16,NA,0,,,360,NA,NA,2,2,2,2,1095000,1,1,3,5,1,NA,234,45,1,10,2,,,,,5,,,,,2,4,5,,,,,8,,,,,2,4,1,5,2,4,45-54,9999,No,NA,1,1,1,,,,,10,,,,6298,64.88,119500,67,1025,1421,39
2024,549300MGPZBLQDIL7538,41740,CA,06073,06073000800,C,VA:First Lien,Single Family (1-4 Units):Site-Built,Not Hispanic or Latino,White,Male,1,2,2,3,1,1,2,2,2,1185000.0,95.393,6.25,0.057,2,18833.86,NA,4353.95,,15,360,NA,NA,2,2,2,2,1235000,1,1,3,5,2,NA,185,50%-60%,3,2,2,,,,,2,,,,,2,2,5,,,,,5,,,,,2,2,1,1,2,2,25-34,25-34,No,No,1,1,1,,,,,10,,,,4890,45.58,119500,99,924,1388,47
2024,549300MGPZBLQDIL7538,41740,CA,06073,06073010015,C,VA:First Lien,Single Family (1-4 Units):Site-Built,Not Hispanic or Latino,White,Male,1,2,1,3,1,1,2,2,2,975000.0,100,6.75,0.4,2,32749.38,NA,6928.83,6928.83,,360,NA,NA,2,2,2,2,955000,1,1,3,5,1,NA,172,50%-60%,2,1,2,,,,,2,,,,,2,2,5,,,,,5,,,,,2,2,1,1,2,2,<25,<25,No,No,1,1,1,,,,,10,,,,4582,93.21,119500,123,667,958,16
2024,549300MGPZBLQDIL7538,41740,CA,06073,06073020711,C,VA:First Lien,Single Family (1-4 Units):Site-Built,Not Hispanic or Latino,White,Joint,1,2,2,3,31,1,2,2,2,885000.0,76.621,5.99,-0.293,2,4550.25,NA,2050,,,360,NA,NA,2,2,2,2,1165000,1,1,3,5,1,NA,NA,NA,1,1,2,,,,,2,,,,,2,2,5,,,,,5,,,,,2,2,1,2,2,2,45-54,45-54,No,No,1,1,6,,,,,10,,,,3593,38.69,119500,168,1090,1239,25
2024,549300MGPZBLQDIL7538,41740,CA,06073,06073020811,C,VA:First Lien,Single Family (1-4 Units):Site-Built,Not Hispanic or Latino,White,Male,1,2,1,3,1,1,2,2,2,475000.0,100,6.25,-0.381,2,10889.9,NA,6745,4750,,360,NA,NA,2,2,2,2,475000,1,1,3,5,1,NA,131,36,1,10,2,,,,,5,,,,,2,4,5,,,,,8,,,,,2,4,1,5,2,4,35-44,9999,No,NA,1,1,1,,,,,10,,,,5923,26.78,119500,142,1523,2070,34
2024,549300MGPZBLQDIL7538,41740,CA,06073,06073003103,C,VA:First Lien,Single Family (1-4 Units):Site-Built,Hispanic or Latino,White,Joint,1,2,2,3,1,1,2,2,2,855000.0,100,6.75,-0.104,2,7884.25,NA,1995,,85,360,NA,NA,2,2,2,2,855000,1,1,3,5,1,NA,282,48,1,2,1,11,,,,1,11,,,,2,2,5,,,,,5,,,,,2,2,1,2,2,2,35-44,25-34,No,No,1,1,1,,,,,10,,,,6242,92.58,119500,75,1384,1774,55
2024,549300MGPZBLQDIL7538,41740,CA,06073,06073013308,C,VA:First Lien,Single Family (1-4 Units):Site-Built,Joint,White,Male,1,2,2,3,1,1,2,2,2,625000.0,100,6.75,0.031,2,16835.34,NA,0,5287.79,,360,NA,NA,2,2,2,2,605000,1,1,3,5,1,NA,155,50%-60%,3,1,1,,,,,2,,,,,2,2,5,,,,,5,,,,,2,2,1,1,2,2,<25,<25,No,No,1,1,1,,,,,10,,,,3962,92.63,119500,70,526,1009,45
2024,549300MGPZBLQDIL7538,41740,CA,06073,06073017065,NC,VA:First Lien,Single Family (1-4 Units):Site-Built,Not Hispanic or Latino,White,Male,1,2,2,3,1,1,2,2,2,1805000.0,100,6.75,-0.051,2,72160.31,NA,7449.41,5459.41,,360,NA,NA,2,2,2,2,1755000,1,1,3,5,1,NA,312,50%-60%,2,10,2,,,,,5,,,,,2,4,5,,,,,8,,,,,2,4,1,5,2,4,45-54,9999,No,NA,1,1,1,,,,,10,,,,9344,53.42,119500,218,2234,2499,6
2024,549300MGPZBLQDIL7538,41740,CA,06073,06073019701,C,VA:First Lien,Single Family (1-4 Units):Site-Built,Not Hispanic or Latino,White,Joint,1,71,2,3,1,1,2,2,2,875000.0,95,6.75,0.23,2,21810.1,NA,3306.2,1316.2,,360,NA,NA,2,2,2,2,915000,1,1,3,5,1,NA,266,50%-60%,1,1,2,,,,,2,,,,,2,2,5,,,,,5,,,,,2,2,1,2,2,2,35-44,25-34,No,No,1,1,1,,,,,10,,,,7022,54.09,119500,85,1106,1493,32
2024,549300MGPZBLQDIL7538,41740,CA,06073,06073020707,C,VA:First Lien,Single Family (1-4 Units):Site-Built,Hispanic or Latino,White,Male,1,2,2,3,1,1,2,2,2,525000.0,100,6.25,0.289,2,6438.25,NA,1690,,892.5,360,NA,NA,2,2,2,2,525000,1,1,3,5,1,NA,96,50%-60%,2,10,1,,,,,5,,,,,2,4,5,,,,,8,,,,,2,4,1,5,2,4,25-34,9999,No,NA,1,1,1,,,,,10,,,,5077,72.09,119500,49,473,827,37
2024,549300MGPZBLQDIL7538,41740,CA,06073,06073016704,C,VA:First Lien,Single Family (1-4 Units):Site-Built,Not Hispanic or Latino,White,Joint,1,2,2,3,1,1,2,2,2,565000.0,100,7.25,0.613,2,16513.75,NA,0,,,360,NA,NA,2,2,2,2,555000,1,1,3,5,1,NA,159,50%-60%,3,2,2,,,,,2,,,,,2,2,5,,,,,5,,,,,2,2,1,2,2,2,35-44,25-34,No,No,1,1,1,,,,,10,,,,7174,37.19,119500,129,1534,1692,37
2024,549300MGPZBLQDIL7538,41740,CA,06073,06073020712,C,VA:First Lien,Single Family (1-4 Units):Site-Built,Hispanic or Latino,White,Male,1,2,2,3,1,1,2,2,2,655000.0,76.471,6.75,-0.238,2,5655.25,NA,390,,,360,NA,NA,2,2,2,2,855000,1,1,3,5,1,NA,120,50%-60%,2,10,11,,,,,5,,,,,2,4,5,,,,,8,,,,,2,4,1,5,2,4,35-44,9999,No,NA,1,1,1,,,,,10,,,,4856,52.62,119500,115,1391,1497,34
2024,549300MGPZBLQDIL7538,41740,CA,06073,06073018617,C,VA:First Lien,Single Family (1-4 Units):Site-Built,Not Hispanic or Latino,White,Joint,1,2,2,3,1,1,2,2,2,765000.0,100,6.625,-0.183,2,21924.39,NA,980.64,980.64,,360,NA,NA,2,2,2,2,755000,1,1,3,5,1,NA,187,48,1,1,2,,,,,2,,,,,2,2,5,,,,,5,,,,,2,2,1,2,2,2,35-44,25-34,No,No,1,1,1,,,,,10,,,,3561,66.67,119500,111,763,1034,28
2024,549300MGPZBLQDIL7538,41740,CA,06073,06073018201,NC,VA:First Lien,Single Family (1-4 Units):Site-Built,Not Hispanic or Latino,White,Joint,1,9,1,3,1,1,2,2,2,1155000.0,95,6.125,-0.925,2,6155.9,NA,0,,,360,NA,NA,2,2,2,2,1215000,1,1,3,5,1,NA,249,47,2,3,2,,,,,2,,,,,2,2,5,,,,,5,,,,,2,2,1,2,2,2,25-34,25-34,No,No,1,1,1,,,,,10,,,,2942,53.94,119500,88,368,870,52
2024,549300MGPZBLQDIL7538,41740,CA,06073,06073019304,C,VA:First Lien,Single Family (1-4 Units):Site-Built,Ethnicity Not Available,White,Male,1,2,2,3,1,1,2,2,2,835000.0,95,6.75,-0.018,2,17900.28,NA,347.88,3347.88,,360,NA,NA,2,2,2,2,865000,1,1,3,5,1,NA,280,47,1,1,3,,,,,3,,,,,2,2,5,,,,,6,,,,,2,2,1,3,2,2,25-34,25-34,No,No,1,1,1,,,,,10,,,,3548,50.23,119500,91,698,1149,34
2024,549300MGPZBLQDIL7538,41740,CA,06073,06073020111,C,VA:First Lien,Single Family (1-4 Units):Site-Built,Hispanic or Latino,White,Male,1,2,2,3,1,1,2,2,2,905000.0,100,6.75,-0.103,2,3434.15,NA,2250,2250,,360,NA,NA,2,2,2,2,905000,1,1,3,5,1,NA,178,50%-60%,1,10,1,11,,,,5,,,,,2,4,5,,,,,8,,,,,2,4,1,5,2,4,25-34,9999,No,NA,1,1,6,,,,,10,,,,4128,42.42,119500,139,1038,1242,36
2024,549300MGPZBLQDIL7538,41740,CA,06073,06073009603,C,VA:First Lien,Single Family (1-4 Units):Site-Built,Not Hispanic or Latino,White,Joint,1,2,2,3,1,1,2,2,2,375000.0,100,6.75,0.151,2,12838.87,NA,932.12,932.12,,360,NA,NA,2,2,2,2,365000,1,1,3,5,1,NA,175,50%-60%,3,2,2,,,,,2,,,,,2,2,5,,,,,5,,,,,2,2,1,6,2,2,<25,<25,No,No,1,1,1,,,,,10,,,,6293,59.67,119500,62,983,496,44
2024,549300MGPZBLQDIL7538,41740,CA,06073,06073013316,C,VA:First Lien,Single Family (1-4 Units):Site-Built,Joint,White,Joint,1,9,2,3,1,1,2,2,2,845000.0,100,6.625,-0.255,2,3238.53,NA,0,,,360,NA,NA,2,2,2,2,845000,1,1,3,5,1,NA,193,44,3,1,2,,,,,1,11,,,,2,2,5,,,,,5,,,,,2,2,1,2,2,2,25-34,25-34,No,No,1,1,1,,,,,10,,,,7461,81.64,119500,121,1674,1808,20
2024,549300MGPZBLQDIL7538,41740,CA,06073,06073013504,C,VA:First Lien,Single Family (1-4 Units):Site-Built,Hispanic or Latino,White,Male,1,2,2,3,1,1,2,2,2,575000.0,100,6.625,-0.245,2,4731.95,NA,0,,,360,NA,NA,2,2,2,2,575000,1,1,3,5,1,NA,129,45,2,10,1,11,,,,5,,,,,2,4,5,,,,,8,,,,,2,4,1,5,2,4,25-34,9999,No,NA,1,1,1,,,,,10,,,,3847,57.66,119500,122,919,1102,38
2024,549300MGPZBLQDIL7538,41740,CA,06073,06073019105,NC,VA:First Lien,Single Family (1-4 Units):Site-Built,Not Hispanic or Latino,White,Joint,1,2,2,3,1,1,2,2,2,1065000.0,100,5.99,-0.561,2,6522.49,NA,222.24,,,360,NA,NA,2,2,2,2,1065000,1,1,3,5,1,NA,180,>60%,2,1,2,,,,,2,,,,,2,2,5,,,,,5,,,,,2,2,1,2,2,2,25-34,25-34,No,No,1,1,1,,,,,10,,,,6920,31.78,119500,128,2161,2462,38
2024,549300MGPZBLQDIL7538,41740,CA,06073,06073019903,C,VA:First Lien,Single Family (1-4 Units):Site-Built,Not Hispanic or Latino,White,Sex Not Available,1,2,2,3,31,1,2,2,2,715000.0,96.698,6.125,-0.277,2,2285.25,NA,0,,,360,NA,NA,2,2,2,2,735000,1,1,3,5,1,NA,NA,NA,3,10,2,,,,,5,,,,,2,4,5,,,,,8,,,,,2,4,3,5,2,4,35-44,9999,No,NA,1,1,6,,,,,10,,,,4718,49.15,119500,97,955,1282,40
2024,549300MGPZBLQDIL7538,41740,CA,06073,06073017050,NC,VA:First Lien,Single Family (1-4 Units):Site-Built,Not Hispanic or Latino,White,Joint,1,2,2,3,1,1,2,2,2,1275000.0,100,5.75,-0.544,2,6305.45,NA,0,,,360,NA,NA,2,2,2,2,1275000,1,1,3,5,1,NA,199,50%-60%,1,1,2,,,,,2,,,,,2,2,5,,,,,5,,,,,2,2,1,2,2,2,25-34,45-54,No,No,1,1,1,,,,,10,,,,3011,50.25,119500,77,708,841,44
2024,549300MGPZBLQDIL7538,41740,CA,06073,06073003209,C,VA:First Lien,Single Family (1-4 Units):Site-Built,Not Hispanic or Latino,White,Male,1,2,2,3,1,1,2,2,2,635000.0,100,5.5,-0.326,2,20614.56,NA,1915.31,1915.31,,360,NA,NA,2,2,2,2,625000,1,1,3,5,1,NA,92,>60%,3,10,2,,,,,5,,,,,2,4,5,,,,,8,,,,,2,4,1,5,2,4,25-34,9999,No,NA,1,1,1,,,,,10,,,,5397,91.75,119500,80,704,958,36
2024,549300MGPZBLQDIL7538,41740,CA,06073,06073002703,C,VA:First Lien,Single Family (1-4 Units):Site-Built,Hispanic or Latino,White,Male,1,0,2,3,1,1,2,2,2,465000.0,100,6.125,-0.411,2,10568.5,NA,0,2128.66,,360,NA,NA,2,2,2,2,455000,1,1,3,5,1,NA,106,50%-60%,1,10,1,,,,,5,,,,,2,4,5,,,,,8,,,,,2,4,1,5,2,4,<25,9999,No,NA,1,1,1,,,,,10,,,,7181,79.22,119500,76,1197,1511,58
