2024,549300MGPZBLQDIL7538,41740,CA,06073,06073017303,C,Conventional:First Lien,Single Family (1-4 Units):Site-Built,Not Hispanic or Latino,White,Male,5,0,2,1,4,1,2,2,2,975000.0,NA,NA,NA,3,NA,NA,NA,NA,NA,360,NA,NA,2,2,2,2,NA,1,1,3,5,1,NA,212,NA,9,9,2,,,,,5,,,,,2,4,5,,,,,8,,,,,2,4,1,5,2,4,55-64,9999,No,NA,1,3,6,,,,,10,,,,3033,17.77,119500,129,902,1355,59
2024,549300MGPZBLQDIL7538,41740,CA,06073,06073003108,C,Conventional:First Lien,Single Family (1-4 Units):Site-Built,Hispanic or Latino,White,Male,3,0,2,1,1,1,2,2,2,765000.0,90,NA,NA,3,NA,NA,NA,NA,NA,360,NA,NA,2,2,2,2,845000,1,1,3,5,1,NA,183,50%-60%,2,3,1,,,,,1,,,,,2,2,5,,,,,5,,,,,2,2,1,1,2,2,55-64,35-44,No,No,2,3,2,,,,,1,,,,3454,81.33,119500,98,791,975,57
2024,549300MGPZBLQDIL7538,41740,CA,06073,06073008327,C,Conventional:First Lien,Single Family (1-4 Units):Site-Built,Not Hispanic or Latino,White,Male,4,0,2,1,1,1,2,2,2,275000.0,NA,NA,NA,3,NA,NA,NA,NA,NA,360,NA,NA,2,2,2,2,NA,1,1,3,5,1,NA,158,NA,9,9,2,,,,,5,,,,,2,4,5,,,,,8,,,,,2,4,1,5,2,4,35-44,9999,No,NA,1,3,2,,,,,10,,,,6247,38.08,119500,164,1540,2022,32
2024,549300MGPZBLQDIL7538,41740,CA,06073,06073010017,C,FHA:First Lien,Single Family (1-4 Units):Site-Built,Hispanic or Latino,White,Male,3,0,2,2,1,1,2,2,2,575000.0,96.5,NA,NA,3,NA,NA,NA,NA,NA,360,NA,NA,2,2,2,2,585000,1,1,3,5,1,NA,180,50%-60%,3,3,1,11,,,,1,,,,,2,2,5,,,,,5,,,,,2,2,1,1,2,2,35-44,25-34,No,No,2,3,1,,,,,7,,,,5818,89.05,119500,117,1089,1266,16
2024,549300MGPZBLQDIL7538,41740,CA,06073,06073010201,NC,VA:First Lien,Single Family (1-4 Units):Site-Built,Not Hispanic or Latino,White,Male,3,0,2,3,1,1,2,2,2,1385000.0,91.667,NA,NA,3,NA,NA,NA,NA,NA,360,NA,NA,2,2,2,2,1505000,1,1,3,5,2,NA,311,49,3,2,2,,,,,3,,,,,2,2,5,,,,,6,,,,,2,2,1,3,2,2,25-34,25-34,No,No,1,3,2,,,,,9,,,,2768,41.94,119500,101,720,921,42
2024,549300MGPZBLQDIL7538,41740,CA,06073,06073002708,C,Conventional:First Lien,Single Family (1-4 Units):Site-Built,Not Hispanic or Latino,White,Male,4,0,2,1,1,1,2,2,2,305000.0,NA,NA,NA,3,NA,NA,NA,NA,NA,360,NA,NA,2,2,2,2,NA,1,1,3,5,1,NA,75,NA,9,9,2,,,,,5,,,,,2,4,5,,,,,8,,,,,2,4,1,5,2,4,25-34,9999,No,NA,1,3,2,,,,,10,,,,5570,90.45,119500,38,150,439,42
2024,549300MGPZBLQDIL7538,41740,CA,06073,06073008901,C,VA:First Lien,Single Family (1-4 Units):Site-Built,Not Hispanic or Latino,White,Male,3,0,2,3,1,1,2,2,2,685000.0,100,NA,NA,3,NA,NA,NA,NA,NA,360,NA,NA,2,2,2,2,675000,1,1,3,5,1,NA,128,50%-60%,9,10,2,,,,,5,,,,,2,4,5,,,,,8,,,,,2,4,1,5,2,4,25-34,9999,No,NA,2,3,6,,,,,1,,,,5036,53.71,119500,66,988,1087,37
2024,549300MGPZBLQDIL7538,41740,CA,06073,06073002803,C,Conventional:Subordinate Lien,Single Family (1-4 Units):Site-Built,Not Hispanic or Latino,White,Male,4,0,2,1,32,2,2,1,2,195000.0,NA,NA,NA,3,NA,NA,NA,NA,NA,360,NA,1,2,1,2,2,NA,1,1,3,5,1,NA,182,NA,9,9,2,,,,,5,,,,,2,4,5,,,,,8,,,,,2,4,1,5,2,4,35-44,9999,No,NA,1,3,6,,,,,10,,,,5495,60.64,119500,60,651,1370,52
2024,549300MGPZBLQDIL7538,41740,CA,06073,06073017601,C,Conventional:First Lien,Single Family (1-4 Units):Site-Built,Not Hispanic or Latino,White,Male,3,0,2,1,1,1,2,2,1,855000.0,70,NA,NA,3,NA,NA,NA,NA,NA,360,NA,NA,2,2,2,2,1225000,1,3,3,5,1,NA,NA,NA,1,10,2,,,,,5,,,,,2,4,5,,,,,8,,,,,2,4,1,5,2,4,55-64,9999,Yes,NA,1,3,6,,,,,3,,,,5511,19.2,119500,164,1339,1619,28
2024,549300MGPZBLQDIL7538,41740,CA,06073,06073020209,C,VA:First Lien,Single Family (1-4 Units):Site-Built,Not Hispanic or Latino,White,Male,4,0,2,3,1,1,2,2,2,765000.0,NA,NA,NA,3,NA,NA,NA,NA,NA,360,NA,NA,2,2,2,2,NA,1,1,3,5,1,NA,145,NA,9,9,2,,,,,5,,,,,2,4,5,,,,,8,,,,,2,4,1,5,2,4,>74,9999,Yes,NA,2,3,1,,,,,10,,,,4882,74.31,119500,56,554,951,44
2024,549300MGPZBLQDIL7538,41740,CA,06073,06073014400,C,Conventional:First Lien,Single Family (1-4 Units):Site-Built,Not Hispanic or Latino,White,Male,4,0,2,1,1,1,2,2,2,245000.0,NA,NA,NA,3,NA,NA,NA,NA,NA,360,NA,NA,2,2,2,2,NA,1,1,3,5,1,NA,102,NA,9,9,2,,,,,5,,,,,2,4,5,,,,,8,,,,,2,4,1,5,2,4,>74,9999,Yes,NA,1,3,2,,,,,10,,,,4270,81.03,119500,45,223,632,40
2024,549300MGPZBLQDIL7538,41740,CA,06073,06073009308,C,Conventional:First Lien,Single Family (1-4 Units):Site-Built,Not Hispanic or Latino,White,Male,7,0,1,1,1,1,2,2,2,465000.0,84.144,NA,NA,3,NA,NA,NA,NA,NA,360,NA,NA,2,2,2,2,555000,1,1,3,5,1,NA,105,48,1,10,2,,,,,5,,,,,2,4,5,,,,,8,,,,,2,4,1,5,2,4,25-34,9999,No,NA,1,3,1,,,,,4,,,,4319,52.95,119500,126,415,326,21
2024,549300MGPZBLQDIL7538,41740,CA,06073,06073018512,C,Conventional:First Lien,Single Family (1-4 Units):Site-Built,Not Hispanic or Latino,White,Male,4,0,2,1,31,1,2,2,2,265000.0,NA,NA,NA,3,NA,NA,NA,NA,NA,360,NA,NA,2,2,2,2,NA,1,2,3,5,1,NA,225,NA,9,9,2,,,,,5,,,,,2,4,5,,,,,8,,,,,2,4,1,5,2,4,55-64,9999,Yes,NA,1,3,6,,,,,10,,,,3647,34.33,119500,62,1325,1834,45
2024,549300MGPZBLQDIL7538,41740,CA,06073,06073019002,C,Conventional:First Lien,Single Family (1-4 Units):Site-Built,Not Hispanic or Latino,White,Male,4,0,2,1,31,1,2,2,2,965000.0,NA,NA,NA,3,NA,NA,NA,NA,NA,360,NA,NA,2,2,2,2,NA,1,1,3,5,1,NA,204,NA,9,9,2,,,,,5,,,,,2,4,5,,,,,8,,,,,2,4,1,5,2,4,25-34,9999,No,NA,1,3,2,,,,,10,,,,3581,55.12,119500,106,677,895,39
2024,549300MGPZBLQDIL7538,41740,CA,06073,06073017046,C,Conventional:First Lien,Single Family (1-4 Units):Site-Built,Hispanic or Latino,White,Male,7,0,1,1,1,1,2,2,2,635000.0,94.03,NA,NA,3,NA,NA,NA,NA,NA,360,NA,NA,2,2,2,2,675000,1,1,3,5,1,NA,135,49,3,10,1,11,,,,5,,,,,2,4,5,,,,,8,,,,,2,4,1,5,2,4,<25,9999,No,NA,1,3,1,,,,,7,,,,3727,43.17,119500,156,1294,1373,32
2024,549300MGPZBLQDIL7538,41740,CA,06073,06073020034,C,Conventional:First Lien,Single Family (1-4 Units):Site-Built,Not Hispanic or Latino,White,Male,4,0,2,1,1,1,2,2,2,985000.0,NA,NA,NA,3,NA,NA,NA,NA,NA,360,NA,84,2,2,2,2,NA,1,1,3,5,1,NA,260,NA,9,9,2,,,,,5,,,,,2,4,5,,,,,8,,,,,2,4,1,5,2,4,35-44,9999,No,NA,1,3,6,,,,,10,,,,2737,24.33,119500,195,779,843,34
2024,549300MGPZBLQDIL7538,41740,CA,06073,06073019602,C,VA:First Lien,Single Family (1-4 Units):Site-Built,Hispanic or Latino,White,Male,4,0,2,3,1,1,2,2,2,965000.0,NA,NA,NA,3,NA,NA,NA,NA,NA,360,NA,NA,2,2,2,2,NA,1,1,3,5,1,NA,147,NA,9,9,1,11,,,,5,,,,,2,4,5,,,,,8,,,,,2,4,1,5,2,4,25-34,9999,No,NA,1,3,1,,,,,10,,,,5438,53.95,119500,88,982,1264,45
2024,549300MGPZBLQDIL7538,41740,CA,06073,06073004000,C,Conventional:First Lien,Single Family (1-4 Units):Site-Built,Not Hispanic or Latino,White,Male,4,0,2,1,2,1,2,2,1,255000.0,NA,NA,NA,3,NA,NA,NA,NA,NA,360,NA,NA,2,2,2,2,NA,1,3,3,5,3,NA,311,NA,9,9,2,,,,,5,,,,,2,4,5,,,,,8,,,,,2,4,1,5,2,4,45-54,9999,No,NA,1,3,2,,,,,10,,,,4521,94.32,119500,52,360,1079,59
2024,549300MGPZBLQDIL7538,41740,CA,06073,06073009307,C,Conventional:First Lien,Single Family (1-4 Units):Site-Built,Not Hispanic or Latino,White,Male,7,0,1,1,1,1,2,2,2,435000.0,90,NA,NA,3,NA,NA,NA,NA,NA,360,NA,NA,2,2,2,2,485000,1,1,3,5,1,NA,89,46,1,10,2,,,,,5,,,,,2,4,5,,,,,8,,,,,2,4,1,5,2,4,25-34,9999,No,NA,1,3,1,,,,,7,,,,4863,52.7,119500,70,323,149,25
2024,549300MGPZBLQDIL7538,41740,CA,06073,06073005302,C,Conventional:First Lien,Single Family (1-4 Units):Site-Built,Not Hispanic or Latino,White,Male,8,0,1,1,1,1,2,2,2,675000.0,78.824,7.99,0.754,3,NA,NA,NA,NA,NA,360,NA,NA,2,2,2,2,855000,1,1,3,5,1,NA,161,50%-60%,1,10,2,,,,,5,,,,,2,4,5,,,,,8,,,,,2,4,1,5,2,4,35-44,9999,No,NA,1,1,1,,,,,10,,,,4328,51.32,119500,174,319,15,33
2024,549300MGPZBLQDIL7538,41740,CA,06073,06073009307,C,VA:First Lien,Single Family (1-4 Units):Site-Built,Not Hispanic or Latino,White,Male,7,0,1,3,1,1,2,2,2,915000.0,97.897,NA,NA,3,NA,NA,NA,NA,NA,360,NA,NA,2,2,2,2,905000,1,1,3,5,1,NA,144,>60%,1,10,2,,,,,5,,,,,2,4,5,,,,,8,,,,,2,4,1,5,2,4,25-34,9999,No,NA,1,3,1,,,,,7,,,,4863,52.7,119500,70,323,149,25
2024,549300MGPZBLQDIL7538,41740,CA,06073,06073020038,C,Conventional:First Lien,Single Family (1-4 Units):Site-Built,Not Hispanic or Latino,White,Male,4,0,2,1,31,1,2,2,2,595000.0,NA,NA,NA,3,NA,NA,NA,NA,NA,360,NA,NA,2,2,2,2,NA,1,1,3,5,1,NA,194,NA,9,9,2,,,,,5,,,,,2,4,5,,,,,8,,,,,2,4,1,5,2,4,45-54,9999,No,NA,1,3,1,,,,,10,,,,5773,56.69,119500,130,1190,1586,20
2024,549300MGPZBLQDIL7538,41740,CA,06073,06073014300,C,Conventional:Subordinate Lien,Single Family (1-4 Units):Site-Built,Not Hispanic or Latino,White,Male,4,0,2,1,4,2,2,1,2,305000.0,NA,NA,NA,3,NA,NA,NA,NA,NA,360,NA,1,2,1,2,2,NA,1,1,3,5,1,NA,119,NA,9,9,2,,,,,5,,,,,2,4,5,,,,,8,,,,,2,4,1,5,2,4,35-44,9999,No,NA,1,3,6,,,,,10,,,,3957,74.43,119500,77,625,1009,60
2024,549300MGPZBLQDIL7538,41740,CA,06073,06073009801,C,Conventional:First Lien,Single Family (1-4 Units):Site-Built,Not Hispanic or Latino,White,Male,7,0,1,1,1,1,2,2,2,445000.0,80,NA,NA,3,NA,NA,NA,NA,NA,360,NA,NA,2,2,2,2,565000,1,1,3,5,1,NA,135,39,3,3,2,,,,,3,,,,,2,2,5,,,,,6,,,,,2,2,1,3,2,2,35-44,35-44,No,No,1,3,1,,,,,4,,,,5164,35.3,119500,148,1363,1224,49
2024,549300MGPZBLQDIL7538,41740,CA,06073,06073020042,C,Conventional:First Lien,Single Family (1-4 Units):Site-Built,Not Hispanic or Latino,White,Male,3,0,2,1,1,1,2,2,2,725000.0,60,NA,NA,3,NA,NA,NA,NA,NA,360,NA,NA,2,2,2,2,1205000,1,1,3,5,1,NA,NA,NA,1,10,2,,,,,5,,,,,2,4,5,,,,,8,,,,,2,4,1,5,2,4,55-64,9999,Yes,NA,1,3,2,,,,,3,,,,3794,30.57,119500,162,1386,1490,17
2024,549300MGPZBLQDIL7538,41740,CA,06073,06073000100,C,Conventional:Subordinate Lien,Single Family (1-4 Units):Site-Built,Not Hispanic or Latino,White,Male,4,0,2,1,2,2,2,2,2,305000.0,NA,NA,NA,3,NA,NA,NA,NA,NA,360,NA,NA,2,2,2,2,NA,1,1,3,5,1,NA,331,NA,9,9,2,,,,,5,,,,,2,4,5,,,,,8,,,,,2,4,1,5,2,4,45-54,9999,No,NA,1,3,6,,,,,10,,,,2908,21.25,119500,219,1032,1220,0
2024,549300MGPZBLQDIL7538,41740,CA,06073,06073009301,C,Conventional:First Lien,Single Family (1-4 Units):Site-Built,Not Hispanic or Latino,White,Male,4,0,2,1,31,1,2,2,2,405000.0,NA,NA,NA,3,NA,NA,NA,NA,NA,360,NA,NA,2,2,2,2,NA,1,1,3,5,1,NA,87,NA,9,9,2,,,,,5,,,,,2,4,5,,,,,8,,,,,2,4,1,5,2,4,25-34,9999,No,NA,1,3,6,,,,,10,,,,4337,57.32,119500,98,1015,1122,50
2024,549300MGPZBLQDIL7538,41740,CA,06073,06073018517,C,Conventional:First Lien,Single Family (1-4 Units):Site-Built,Not Hispanic or Latino,White,Male,4,0,2,1,1,1,2,2,2,525000.0,NA,NA,NA,3,NA,NA,NA,NA,NA,360,NA,NA,2,2,2,2,NA,1,1,3,5,1,NA,105,NA,9,9,2,,,,,5,,,,,2,4,5,,,,,8,,,,,2,4,1,5,2,4,45-54,9999,No,NA,1,3,2,,,,,10,,,,3996,45.92,119500,79,822,1395,42
2024,549300MGPZBLQDIL7538,41740,CA,06073,06073009307,C,Conventional:First Lien,Single Family (1-4 Units):Site-Built,Not Hispanic or Latino,White,Male,7,0,1,1,1,1,2,2,2,935000.0,85,NA,NA,3,NA,NA,NA,NA,NA,360,NA,NA,2,2,2,2,1105000,1,1,3,5,1,NA,217,48,3,10,2,,,,,5,,,,,2,4,5,,,,,8,,,,,2,4,1,5,2,4,25-34,9999,No,NA,1,3,1,,,,,7,,,,4863,52.7,119500,70,323,149,25
2024,549300MGPZBLQDIL7538,41740,CA,06073,06073008509,C,Conventional:First Lien,Single Family (1-4 Units):Site-Built,Not Hispanic or Latino,White,Male,4,0,2,1,1,1,2,2,2,455000.0,NA,NA,NA,3,NA,NA,NA,NA,NA,360,NA,NA,2,2,2,2,NA,1,1,3,5,1,NA,135,NA,9,9,2,,,,,3,,,,,2,2,5,,,,,6,,,,,2,2,1,3,2,2,35-44,35-44,No,No,1,3,2,,,,,10,,,,6949,50.57,119500,120,1367,1712,51
2024,549300MGPZBLQDIL7538,41740,CA,06073,06073009307,C,Conventional:First Lien,Single Family (1-4 Units):Site-Built,Not Hispanic or Latino,White,Male,7,0,1,1,1,1,2,2,2,355000.0,70,NA,NA,3,NA,NA,NA,NA,NA,360,NA,NA,2,2,2,2,505000,1,1,3,5,1,NA,84,41,1,10,2,,,,,5,,,,,2,4,5,,,,,8,,,,,2,4,1,5,2,4,25-34,9999,No,NA,1,3,1,,,,,7,,,,4863,52.7,119500,70,323,149,25
2024,549300MGPZBLQDIL7538,41740,CA,06073,06073002804,C,Conventional:First Lien,Single Family (1-4 Units):Site-Built,Not Hispanic or Latino,White,Male,7,0,1,1,1,1,2,2,2,925000.0,84.461,NA,NA,3,NA,NA,NA,NA,NA,360,NA,NA,2,2,2,2,1095000,1,1,3,5,1,NA,200,46,3,10,2,,,,,5,,,,,2,4,5,,,,,8,,,,,2,4,1,5,2,4,35-44,9999,No,NA,1,3,1,,,,,7,,,,4864,42.48,119500,124,886,1536,65
2024,549300MGPZBLQDIL7538,41740,CA,06073,06073018522,C,Conventional:First Lien,Single Family (1-4 Units):Site-Built,Not Hispanic or Latino,White,Male,4,0,2,1,1,1,2,2,2,875000.0,NA,NA,NA,3,NA,NA,NA,NA,NA,360,NA,NA,2,2,2,2,NA,1,1,3,5,1,NA,417,NA,9,9,2,,,,,5,,,,,2,4,5,,,,,8,,,,,2,4,1,5,2,4,35-44,9999,No,NA,1,3,1,,,,,10,,,,5371,53.6,119500,120,879,1217,28
