2024,549300MGPZBLQDIL7538,41740,CA,06073,06073009507,NC,Conventional:First Lien,Single Family (1-4 Units):Site-Built,Not Hispanic or Latino,White,Joint,4,0,2,1,31,1,2,2,2,1255000.0,NA,NA,NA,3,NA,NA,NA,NA,NA,360,NA,NA,2,2,2,2,NA,1,1,3,5,1,NA,363,NA,9,9,2,,,,,2,,,,,2,2,5,,,,,5,,,,,2,2,1,2,2,2,35-44,35-44,No,No,1,3,6,,,,,10,,,,3550,44.7,119500,91,913,1093,37
2024,549300MGPZBLQDIL7538,41740,CA,06073,06073015301,C,Conventional:First Lien,Single Family (1-4 Units):Site-Built,Not Hispanic or Latino,White,Joint,7,0,1,1,1,1,2,2,1,485000.0,80,NA,NA,3,NA,NA,NA,NA,NA,360,NA,NA,2,2,2,2,605000,1,3,3,5,1,NA,16,38,3,2,2,,,,,2,,,,,2,2,5,,,,,5,,,,,2,2,2,1,2,2,25-34,35-44,No,No,1,3,6,,,,,3,,,,3411,45.53,119500,85,574,808,61
2024,549300MGPZBLQDIL7538,41740,CA,06073,06073016302,C,Conventional:First Lien,Single Family (1-4 Units):Site-Built,Not Hispanic or Latino,White,Joint,4,0,2,1,31,1,2,2,2,375000.0,NA,NA,NA,3,NA,NA,NA,NA,NA,360,NA,NA,2,2,2,2,NA,1,1,3,5,1,NA,125,NA,9,9,2,,,,,2,,,,,2,2,5,,,,,5,,,,,2,2,2,1,2,2,25-34,25-34,No,No,1,3,1,,,,,10,,,,5750,55.03,119500,44,506,928,50
2024,549300MGPZBLQDIL7538,41740,CA,06073,06073020706,C,Conventional:First Lien,Single Family (1-4 Units):Site-Built,Hispanic or Latino,White,Joint,4,0,2,1,31,1,2,2,2,795000.0,NA,NA,NA,3,NA,NA,NA,NA,NA,360,NA,NA,2,2,2,2,NA,1,1,3,5,1,NA,233,NA,9,9,1,,,,,3,,,,,2,2,5,,,,,6,,,,,2,2,1,2,2,2,25-34,25-34,No,No,1,3,2,,,,,10,,,,6656,33.95,119500,174,1665,2072,37
2024,549300MGPZBLQDIL7538,41740,CA,06073,06073009805,NC,FHA:First Lien,Single Family (1-4 Units):Site-Built,Not Hispanic or Latino,White,Joint,4,0,2,2,31,1,2,2,2,1005000.0,NA,NA,NA,3,NA,NA,NA,NA,NA,360,NA,NA,2,2,2,2,NA,1,1,3,5,1,NA,264,NA,9,9,2,,,,,2,,,,,2,2,5,,,,,5,,,,,2,2,1,2,2,2,35-44,35-44,No,No,1,3,2,,,,,10,,,,4802,32.34,119500,135,1483,1603,45
2024,549300MGPZBLQDIL7538,41740,CA,06073,06073015200,NC,VA:First Lien,Single Family (1-4 Units):Site-Built,Not Hispanic or Latino,White,Joint,7,0,1,3,1,1,2,2,2,1425000.0,132.093,NA,NA,3,NA,NA,NA,NA,NA,360,NA,NA,2,2,2,2,1075000,1,1,3,5,1,NA,296,49,1,2,2,,,,,2,,,,,2,2,5,,,,,5,,,,,2,2,1,2,2,2,45-54,45-54,No,No,1,3,1,,,,,7,,,,3958,29.28,119500,151,1258,1449,62
2024,549300MGPZBLQDIL7538,41740,CA,06073,06073019001,C,FHA:First Lien,Single Family (1-4 Units):Site-Built,Not Hispanic or Latino,White,Joint,3,0,2,2,32,1,2,2,2,865000.0,89.005,NA,NA,3,NA,NA,NA,NA,NA,360,NA,NA,2,2,2,2,955000,1,1,3,5,1,NA,213,50%-60%,2,3,2,,,,,3,,,,,2,2,5,,,,,6,,,,,2,2,1,2,2,2,35-44,35-44,No,No,1,3,1,,,,,3,,,,6395,33.2,119500,89,1994,2509,38
2024,549300MGPZBLQDIL7538,41740,CA,06073,06073008501,C,FHA:First Lien,Single Family (1-4 Units):Site-Built,Not Hispanic or Latino,White,Joint,4,0,2,2,31,1,2,2,2,975000.0,NA,NA,NA,3,NA,NA,NA,NA,NA,360,NA,NA,2,2,2,2,NA,1,1,3,5,2,NA,182,NA,9,9,2,,,,,2,,,,,2,2,5,,,,,5,,,,,2,2,1,2,2,2,55-64,45-54,No,No,1,3,1,,,,,10,,,,5271,34.36,119500,147,1399,2029,58
2024,549300MGPZBLQDIL7538,41740,CA,06073,06073015901,C,Conventional:First Lien,Single Family (1-4 Units):Site-Built,Not Hispanic or Latino,White,Joint,8,0,1,1,1,1,2,2,2,765000.0,80,6.875,0.084,3,NA,NA,NA,NA,NA,360,NA,NA,2,2,2,2,955000,1,1,3,5,1,NA,170,48,1,2,2,,,,,2,,,,,2,2,5,,,,,5,,,,,2,2,2,1,2,2,35-44,35-44,No,No,1,1,1,,,,,10,,,,3671,73.41,119500,36,166,382,45
2024,549300MGPZBLQDIL7538,41740,CA,06073,06073009507,NC,Conventional:First Lien,Single Family (1-4 Units):Site-Built,Not Hispanic or Latino,White,Joint,4,0,2,1,31,1,2,2,2,1255000.0,NA,NA,NA,3,NA,NA,NA,NA,NA,360,NA,NA,2,2,2,2,NA,1,1,3,5,1,NA,355,NA,9,9,2,,,,,2,,,,,2,2,5,,,,,5,,,,,2,2,1,2,2,2,35-44,35-44,No,No,1,3,6,,,,,10,,,,3550,44.7,119500,91,913,1093,37
2024,549300MGPZBLQDIL7538,41740,CA,06073,06073016706,C,Conventional:First Lien,Single Family (1-4 Units):Site-Built,Hispanic or Latino,White,Joint,4,0,2,1,1,1,2,2,2,665000.0,NA,NA,NA,3,NA,NA,NA,NA,NA,360,NA,NA,2,2,2,2,NA,1,1,3,5,1,NA,170,NA,9,9,1,,,,,1,,,,,2,2,5,,,,,5,,,,,2,2,2,1,2,2,25-34,35-44,No,No,1,3,1,,,,,10,,,,2966,32.03,119500,100,608,807,50
2024,549300MGPZBLQDIL7538,41740,CA,06073,06073019810,C,Conventional:First Lien,Single Family (1-4 Units):Site-Built,Not Hispanic or Latino,White,Joint,4,0,2,1,1,1,2,2,2,765000.0,NA,NA,NA,3,NA,NA,NA,NA,NA,360,NA,NA,2,2,2,2,NA,1,1,3,5,1,NA,239,NA,9,9,2,,,,,2,,,,,2,2,5,,,,,5,,,,,2,2,1,2,2,2,25-34,25-34,No,No,1,3,1,,,,,10,,,,6412,40.13,119500,96,1702,1774,27
2024,549300MGPZBLQDIL7538,41740,CA,06073,06073009307,C,VA:First Lien,Single Family (1-4 Units):Site-Built,Not Hispanic or Latino,White,Joint,7,0,1,3,1,1,2,2,2,605000.0,100,NA,NA,3,NA,NA,NA,NA,NA,360,NA,NA,2,2,2,2,605000,1,1,3,5,1,NA,100,>60%,3,3,2,,,,,2,,,,,2,2,5,,,,,6,,,,,2,2,1,2,2,2,35-44,25-34,No,No,1,3,1,,,,,7,,,,4863,52.7,119500,70,323,149,25
2024,549300MGPZBLQDIL7538,41740,CA,06073,06073017810,C,Conventional:First Lien,Single Family (1-4 Units):Site-Built,Not Hispanic or Latino,White,Joint,4,0,2,1,1,1,2,2,2,805000.0,NA,NA,NA,3,NA,NA,NA,NA,NA,360,NA,NA,2,2,2,2,NA,1,1,3,5,1,NA,217,NA,9,9,2,,,,,2,,,,,2,2,5,,,,,5,,,,,2,2,2,1,2,2,45-54,65-74,No,Yes,1,3,1,,,,,10,,,,5067,22.93,119500,170,1443,1737,42
2024,549300MGPZBLQDIL7538,41740,CA,06073,06073020026,C,Conventional:First Lien,Single Family (1-4 Units):Site-Built,Not Hispanic or Latino,White,Joint,4,0,2,1,1,1,2,2,2,755000.0,NA,NA,NA,3,NA,NA,NA,NA,NA,360,NA,NA,2,2,2,2,NA,1,1,3,5,1,NA,295,NA,9,9,2,,,,,2,,,,,2,2,5,,,,,5,,,,,2,2,2,1,2,2,25-34,35-44,No,No,1,3,1,,,,,10,,,,4345,33.19,119500,123,1257,1653,37
2024,549300MGPZBLQDIL7538,41740,CA,06073,06073016610,C,VA:First Lien,Single Family (1-4 Units):Site-Built,Joint,White,Joint,4,0,2,3,31,1,2,2,2,825000.0,NA,NA,NA,3,NA,NA,NA,NA,NA,360,NA,NA,2,2,2,2,NA,1,1,3,5,1,NA,NA,NA,9,9,1,11,,,,2,,,,,2,2,5,,,,,5,,,,,2,2,1,2,2,2,25-34,25-34,No,No,1,3,6,,,,,10,,,,4334,36.11,119500,81,1074,1324,44
2024,549300MGPZBLQDIL7538,41740,CA,06073,06073014001,C,VA:First Lien,Single Family (1-4 Units):Site-Built,Not Hispanic or Latino,White,Joint,3,0,2,3,31,1,2,2,2,755000.0,87.66,NA,NA,3,NA,NA,NA,NA,NA,360,NA,NA,2,2,2,2,855000,1,1,3,5,2,NA,NA,NA,2,2,2,,,,,2,,,,,2,2,5,,,,,5,,,,,2,2,1,2,2,2,25-34,25-34,No,No,1,3,6,,,,,9,,,,4941,69.08,119500,76,764,1427,59
2024,549300MGPZBLQDIL7538,41740,CA,06073,06073019702,C,FHA:First Lien,Single Family (1-4 Units):Site-Built,Joint,White,Joint,5,0,2,2,31,1,2,2,2,995000.0,NA,NA,NA,3,NA,NA,NA,NA,NA,360,NA,NA,2,2,2,2,NA,1,1,3,5,1,NA,185,NA,9,9,2,,,,,11,,,,,2,2,5,,,,,5,,,,,2,2,1,2,2,2,65-74,55-64,Yes,No,1,3,2,,,,,10,,,,5069,41.98,119500,99,1172,1554,50
2024,549300MGPZBLQDIL7538,41740,CA,06073,06073017051,C,Conventional:First Lien,Single Family (1-4 Units):Site-Built,Not Hispanic or Latino,White,Joint,4,0,2,1,32,1,2,2,2,425000.0,NA,NA,NA,3,NA,NA,NA,NA,NA,360,NA,NA,2,2,2,2,NA,1,1,3,5,1,NA,81,NA,9,9,2,,,,,2,,,,,2,2,5,,,,,5,,,,,2,2,6,2,2,2,65-74,65-74,Yes,Yes,1,3,6,,,,,10,,,,4669,42.79,119500,136,1363,1989,36
2024,549300MGPZBLQDIL7538,41740,CA,06073,06073016610,C,VA:First Lien,Single Family (1-4 Units):Site-Built,Joint,White,Joint,4,0,2,3,1,1,2,2,2,695000.0,NA,NA,NA,3,NA,NA,NA,NA,NA,360,NA,NA,2,2,2,2,NA,1,1,3,5,1,NA,253,NA,9,9,1,,,,,2,,,,,2,2,5,,,,,5,,,,,2,2,2,1,2,2,35-44,35-44,No,No,1,3,1,,,,,10,,,,4334,36.11,119500,81,1074,1324,44
2024,549300MGPZBLQDIL7538,41740,CA,06073,06073020806,C,VA:First Lien,Single Family (1-4 Units):Site-Built,Joint,White,Joint,3,0,2,3,1,1,2,2,2,925000.0,100,NA,NA,3,NA,NA,NA,NA,NA,360,NA,NA,2,2,2,2,925000,1,1,3,5,1,NA,407,50%-60%,2,3,2,,,,,1,11,,,,2,2,5,,,,,5,,,,,2,2,2,1,2,2,45-54,55-64,No,Yes,1,3,1,,,,,5,,,,6158,48.88,119500,77,969,1313,37
2024,549300MGPZBLQDIL7538,41740,CA,06073,06073009307,C,Conventional:First Lien,Single Family (1-4 Units):Site-Built,Joint,White,Joint,7,0,1,1,1,1,2,2,2,755000.0,80,NA,NA,3,NA,NA,NA,NA,NA,360,NA,NA,2,2,2,2,945000,1,1,3,5,1,NA,185,46,2,2,2,,,,,1,11,,,,2,2,5,,,,,5,,,,,2,2,1,2,2,2,35-44,25-34,No,No,1,3,1,,,,,7,,,,4863,52.7,119500,70,323,149,25
2024,549300MGPZBLQDIL7538,41740,CA,06073,06073020904,C,FHA:First Lien,Single Family (1-4 Units):Manufactured,Hispanic or Latino,White,Joint,4,0,2,2,1,1,2,2,2,345000.0,NA,NA,NA,3,NA,NA,NA,NA,NA,360,NA,NA,2,2,2,2,NA,2,1,1,1,1,NA,79,NA,9,9,1,,,,,1,14,,,,1,2,5,,,,,6,,,,,2,2,1,2,2,2,25-34,45-54,No,No,1,3,1,,,,,10,,,,3266,26.64,119500,88,931,1800,41
2024,549300MGPZBLQDIL7538,41740,CA,06073,06073020110,C,Conventional:First Lien,Single Family (1-4 Units):Site-Built,Not Hispanic or Latino,White,Joint,4,0,2,1,1,1,2,2,1,765000.0,NA,NA,NA,3,NA,NA,NA,NA,NA,360,NA,NA,2,2,2,2,NA,1,3,3,5,1,NA,237,NA,9,9,2,,,,,2,,,,,2,2,5,,,,,5,,,,,2,2,2,1,2,2,55-64,35-44,Yes,No,1,3,1,,,,,10,,,,7812,51.93,119500,153,1742,2410,33
2024,549300MGPZBLQDIL7538,41740,CA,06073,06073013412,C,Conventional:First Lien,Single Family (1-4 Units):Site-Built,Not Hispanic or Latino,White,Joint,4,0,2,1,1,1,2,2,2,575000.0,NA,NA,NA,3,NA,NA,NA,NA,NA,360,NA,NA,2,2,2,2,NA,1,1,3,5,1,NA,126,NA,9,9,2,,,,,2,,,,,2,2,5,,,,,5,,,,,2,2,2,1,2,2,25-34,25-34,No,No,1,3,1,,,,,10,,,,5187,75.19,119500,111,1024,1645,35
2024,549300MGPZBLQDIL7538,41740,CA,06073,06073002702,C,VA:First Lien,Single Family (1-4 Units):Site-Built,Not Hispanic or Latino,White,Joint,4,0,2,3,31,1,2,2,2,765000.0,NA,NA,NA,3,NA,NA,NA,NA,NA,360,NA,NA,2,2,2,2,NA,1,1,3,5,1,NA,NA,NA,9,9,2,,,,,2,,,,,2,2,5,,,,,5,,,,,2,2,1,2,2,2,25-34,25-34,No,No,1,3,6,,,,,10,,,,5695,70.94,119500,81,702,978,51
2024,549300MGPZBLQDIL7538,41740,CA,06073,06073016610,C,FHA:First Lien,Single Family (1-4 Units):Site-Built,Not Hispanic or Latino,White,Joint,1,2,2,2,32,1,2,2,2,585000.0,70.61,5.99,-0.007,2,16413.33,NA,2667.83,1472.83,,360,NA,NA,2,2,2,2,825000,1,1,3,5,1,NA,116,50%-60%,2,1,2,,,,,2,,,,,2,2,5,,,,,5,,,,,2,2,1,2,2,2,35-44,35-44,No,No,2,1,1,,,,,10,,,,4334,36.11,119500,81,1074,1324,44
2024,549300MGPZBLQDIL7538,41740,CA,06073,06073017058,C,VA:First Lien,Single Family (1-4 Units):Site-Built,Joint,White,Joint,1,2,2,3,1,1,2,2,2,565000.0,95,5.75,-0.541,2,17905.21,NA,5872.21,5752.21,,360,NA,NA,2,2,2,2,585000,1,1,3,5,1,NA,118,49,2,3,1,13,,,,2,,,,,2,2,5,,,,,5,,,,,2,2,1,2,2,2,25-34,25-34,No,No,2,1,1,,,,,10,,,,4048,48.52,119500,129,988,1169,32
2024,549300MGPZBLQDIL7538,41740,CA,06073,06073016502,C,FHA:First Lien,Single Family (1-4 Units):Site-Built,Hispanic or Latino,White,Joint,1,2,2,2,1,1,2,2,2,685000.0,96.5,5.625,-0.086,2,30399.86,NA,12195,,5525.03,360,NA,NA,2,2,2,2,695000,1,1,3,5,1,NA,139,46,2,2,1,11,,,,1,11,,,,2,2,5,,,,,5,,,,,2,2,1,2,2,2,35-44,25-34,No,No,2,1,1,,,,,10,,,,7271,47.06,119500,64,666,1622,47
2024,549300MGPZBLQDIL7538,41740,CA,06073,06073017104,C,Conventional:First Lien,Single Family (1-4 Units):Site-Built,Not Hispanic or Latino,White,Joint,1,3,2,1,32,1,2,2,2,565000.0,18.404,6.125,0.196,2,10318.25,NA,7440,5650,150,360,NA,NA,2,2,2,2,3075000,1,1,3,5,1,NA,140,46,1,1,2,,,,,2,,,,,2,2,5,,,,,5,,,,,2,2,2,1,2,2,65-74,65-74,Yes,Yes,1,1,2,,,,,10,,,,4014,24.94,119500,126,1114,1331,42
2024,549300MGPZBLQDIL7538,41740,CA,06073,06073022102,C,Conventional:First Lien,Single Family (1-4 Units):Site-Built,Not Hispanic or Latino,White,Joint,1,1,2,1,1,1,2,2,2,655000.0,44.068,6.99,0.121,2,7681.4,NA,1640,,,360,NA,NA,2,2,2,2,1475000,1,1,3,5,1,NA,380,40,2,1,2,,,,,2,,,,,2,2,5,,,,,5,,,,,2,2,2,1,2,2,45-54,45-54,No,No,1,1,2,,,,,10,,,,7024,43.31,119500,135,1373,2257,22
2024,549300MGPZBLQDIL7538,41740,CA,06073,06073020111,C,FHA:First Lien,Single Family (1-4 Units):Site-Built,Not Hispanic or Latino,White,Joint,1,2,1,2,1,1,2,2,2,995000.0,96.5,6.75,1.218,2,17056.37,NA,0,,,360,NA,NA,2,2,2,2,1015000,1,1,3,5,1,NA,293,36,2,3,2,,,,,2,,,,,2,2,5,,,,,5,,,,,2,2,2,1,2,2,25-34,25-34,No,No,1,1,1,,,,,10,,,,4128,42.42,119500,139,1038,1242,36
2024,549300MGPZBLQDIL7538,41740,CA,06073,06073020015,C,Conventional:First Lien,Single Family (1-4 Units):Site-Built,Not Hispanic or Latino,White,Joint,1,0,2,1,1,1,2,2,2,975000.0,75,6.99,0.358,2,7678.25,NA,1640,,1895.65,360,NA,NA,2,2,2,2,1305000,1,1,3,5,1,NA,300,30%-<36%,2,1,2,,,,,2,,,,,2,2,5,,,,,5,,,,,2,2,1,2,2,2,35-44,35-44,No,No,1,1,2,,,,,10,,,,5171,27.31,119500,173,1510,1557,38
2024,549300MGPZBLQDIL7538,41740,CA,06073,06073018504,C,Conventional:First Lien,Single Family (1-4 Units):Site-Built,Not Hispanic or Latino,White,Joint,1,1,2,1,32,1,2,2,2,225000.0,32.143,6.875,0.191,2,3484.4,NA,1990,,,360,NA,NA,2,2,2,2,705000,1,1,3,5,1,NA,273,20%-<30%,3,1,2,,,,,2,,,,,2,2,5,,,,,5,,,,,2,2,2,1,2,2,55-64,55-64,Yes,No,1,1,1,,,,,10,,,,6797,36.05,119500,84,1548,2175,45
