2024,549300MGPZBLQDIL7538,41740,CA,06073,06073019304,C,Conventional:First Lien,Single Family (1-4 Units):Site-Built,Not Hispanic or Latino,Joint,Joint,3,0,2,1,1,1,2,2,2,665000.0,80,NA,NA,3,NA,NA,NA,NA,NA,360,NA,NA,2,2,2,2,835000,1,1,3,5,1,NA,163,41,1,3,2,,,,,2,,,,,2,2,5,,,,,3,,,,,2,2,1,2,2,2,25-34,25-34,No,No,1,3,1,,,,,7,,,,3548,50.23,119500,91,698,1149,34
2024,549300MGPZBLQDIL7538,41740,CA,06073,06073017018,C,Conventional:First Lien,Single Family (1-4 Units):Site-Built,Ethnicity Not Available,Race Not Available,Joint,3,0,2,1,1,1,2,2,2,455000.0,95,NA,NA,3,NA,NA,NA,NA,NA,360,NA,NA,2,2,2,2,485000,1,1,3,5,1,NA,115,44,1,1,3,,,,,3,,,,,2,2,6,,,,,6,,,,,2,2,1,2,2,2,35-44,35-44,No,No,2,3,1,,,,,4,,,,3727,60.77,119500,85,816,1022,40
2024,549300MGPZBLQDIL7538,41740,CA,06073,06073013601,C,Conventional:Subordinate Lien,Single Family (1-4 Units):Site-Built,Ethnicity Not Available,Race Not Available,Sex Not Available,3,0,2,1,4,2,2,1,2,105000.0,64.066,NA,NA,3,NA,NA,NA,NA,NA,240,NA,1,2,1,2,2,925000,1,1,3,5,1,NA,213,20%-<30%,1,2,3,,,,,3,,,,,2,2,6,,,,,6,,,,,2,2,3,3,2,2,45-54,45-54,No,No,1,3,6,,,,,9,,,,5253,46.54,119500,95,1328,1627,52
2024,549300MGPZBLQDIL7538,41740,CA,06073,06073003108,C,Conventional:First Lien,Single Family (1-4 Units):Site-Built,Hispanic or Latino,White,Male,3,0,2,1,1,1,2,2,2,765000.0,90,NA,NA,3,NA,NA,NA,NA,NA,360,NA,NA,2,2,2,2,845000,1,1,3,5,1,NA,183,50%-60%,2,3,1,,,,,1,,,,,2,2,5,,,,,5,,,,,2,2,1,1,2,2,55-64,35-44,No,No,2,3,2,,,,,1,,,,3454,81.33,119500,98,791,975,57
2024,549300MGPZBLQDIL7538,41740,CA,06073,06073015901,C,Conventional:First Lien,Single Family (1-4 Units):Site-Built,Hispanic or Latino,White,Female,3,0,2,1,1,1,2,2,2,395000.0,95,NA,NA,3,NA,NA,NA,NA,NA,360,NA,NA,2,2,2,2,415000,1,1,3,5,1,NA,142,50%-60%,1,1,1,,,,,3,,,,,2,2,5,,,,,6,,,,,2,2,2,2,2,2,25-34,45-54,No,No,2,3,1,,,,,1,,,,3671,73.41,119500,36,166,382,45
2024,549300MGPZBLQDIL7538,41740,CA,06073,06073017601,C,Conventional:First Lien,Single Family (1-4 Units):Site-Built,Not Hispanic or Latino,White,Male,3,0,2,1,1,1,2,2,1,855000.0,70,NA,NA,3,NA,NA,NA,NA,NA,360,NA,NA,2,2,2,2,1225000,1,3,3,5,1,NA,NA,NA,1,10,2,,,,,5,,,,,2,4,5,,,,,8,,,,,2,4,1,5,2,4,55-64,9999,Yes,NA,1,3,6,,,,,3,,,,5511,19.2,119500,164,1339,1619,28
2024,549300MGPZBLQDIL7538,41740,CA,06073,06073013908,C,Conventional:First Lien,Single Family (1-4 Units):Site-Built,Ethnicity Not Available,Race Not Available,Male,3,0,2,1,1,1,2,2,2,675000.0,95,NA,NA,3,NA,NA,NA,NA,NA,360,NA,NA,2,2,2,2,715000,1,1,3,5,1,NA,545,37,2,10,3,,,,,5,,,,,2,4,6,,,,,8,,,,,2,4,1,5,2,4,35-44,9999,No,NA,2,3,1,,,,,7,,,,3972,85.12,119500,73,532,873,38
2024,549300MGPZBLQDIL7538,41740,CA,06073,06073021205,C,Conventional:First Lien,Single Family (1-4 Units):Site-Built,Not Hispanic or Latino,White,Joint,3,0,2,1,32,1,2,2,1,815000.0,67.917,NA,NA,3,NA,NA,NA,NA,NA,360,NA,NA,2,2,2,2,1205000,1,3,3,5,2,NA,141,>60%,3,1,2,,,,,2,,,,,2,2,5,,,,,5,,,,,2,2,2,1,2,2,35-44,35-44,No,No,1,3,6,,,,,1,,,,7029,35.81,119500,96,1284,1888,35
2024,549300MGPZBLQDIL7538,41740,CA,06073,06073002703,C,Conventional:First Lien,Single Family (1-4 Units):Site-Built,Not Hispanic or Latino,Black or African American,Joint,3,0,2,1,31,1,2,2,1,285000.0,70,NA,NA,3,NA,NA,NA,NA,NA,360,NA,NA,2,2,2,2,415000,1,3,3,5,1,NA,210,39,2,2,2,,,,,2,,,,,2,2,3,,,,,3,,,,,2,2,1,2,2,2,55-64,55-64,Yes,Yes,2,3,1,,,,,7,,,,7181,79.22,119500,76,1197,1511,58
2024,549300MGPZBLQDIL7538,41740,CA,06073,06073014901,C,Conventional:First Lien,Single Family (1-4 Units):Site-Built,Not Hispanic or Latino,Joint,Joint,3,0,2,1,1,1,2,2,2,955000.0,80,NA,NA,3,NA,NA,NA,NA,NA,360,NA,NA,2,2,2,2,1195000,1,1,3,5,1,NA,179,50%-60%,3,3,2,,,,,2,,,,,2,2,2,5,24,,,5,,,,,2,2,1,2,2,2,35-44,35-44,No,No,2,3,1,,,,,1,,,,4742,44.58,119500,98,721,1179,50
2024,549300MGPZBLQDIL7538,41740,CA,06073,06073008343,C,Conventional:First Lien,Single Family (1-4 Units):Site-Built,Ethnicity Not Available,Race Not Available,Joint,3,0,2,1,1,1,2,2,2,715000.0,75,NA,NA,3,NA,NA,NA,NA,NA,360,NA,NA,2,2,2,2,945000,1,1,3,5,1,NA,264,41,9,1,3,,,,,3,,,,,2,2,6,,,,,6,,,,,2,2,2,1,2,2,<25,45-54,No,No,1,3,1,,,,,9,,,,4322,59.21,119500,71,400,1171,42
2024,549300MGPZBLQDIL7538,41740,CA,06073,06073002712,C,Conventional:First Lien,Single Family (1-4 Units):Site-Built,Hispanic or Latino,Race Not Available,Joint,3,0,2,1,1,1,2,2,2,345000.0,97,NA,NA,3,NA,NA,NA,NA,NA,360,NA,NA,2,2,2,2,355000,1,1,3,5,1,NA,83,49,3,2,1,11,,,,11,,,,,2,2,6,,,,,23,,,,,2,2,1,2,2,2,<25,<25,No,No,1,3,1,,,,,3,,,,4952,85.9,119500,59,856,1183,48
2024,549300MGPZBLQDIL7538,41740,CA,06073,06073004000,C,Conventional:First Lien,Single Family (1-4 Units):Site-Built,Hispanic or Latino,Race Not Available,Male,3,0,2,1,32,1,2,2,1,775000.0,70,NA,NA,3,NA,NA,NA,NA,NA,360,NA,NA,2,1,2,2,1105000,1,3,3,5,2,NA,36,NA,3,10,1,,,,,5,,,,,2,4,6,,,,,8,,,,,2,4,1,5,2,4,35-44,9999,No,NA,1,3,6,,,,,9,,,,4521,94.32,119500,52,360,1079,59
2024,549300MGPZBLQDIL7538,41740,CA,06073,06073020042,C,Conventional:First Lien,Single Family (1-4 Units):Site-Built,Not Hispanic or Latino,White,Male,3,0,2,1,1,1,2,2,2,725000.0,60,NA,NA,3,NA,NA,NA,NA,NA,360,NA,NA,2,2,2,2,1205000,1,1,3,5,1,NA,NA,NA,1,10,2,,,,,5,,,,,2,4,5,,,,,8,,,,,2,4,1,5,2,4,55-64,9999,Yes,NA,1,3,2,,,,,3,,,,3794,30.57,119500,162,1386,1490,17
2024,549300MGPZBLQDIL7538,41740,CA,06073,06073017055,C,Conventional:Subordinate Lien,Single Family (1-4 Units):Site-Built,Ethnicity Not Available,Asian,Joint,3,0,2,1,1,2,2,1,2,355000.0,64.296,NA,NA,3,NA,NA,NA,NA,NA,360,NA,1,2,1,2,2,1355000,1,1,3,5,1,NA,785,37,1,2,3,,,,,3,,,,,2,2,2,,,,,2,,,,,2,2,1,2,2,2,35-44,35-44,No,No,1,3,6,,,,,9,,,,5125,55.47,119500,147,1348,1667,29
2024,549300MGPZBLQDIL7538,41740,CA,06073,06073018621,C,Conventional:First Lien,Single Family (1-4 Units):Site-Built,Not Hispanic or Latino,Asian,Male,3,0,2,1,1,1,2,2,2,475000.0,70,NA,NA,3,NA,NA,NA,NA,NA,360,NA,NA,2,2,2,2,685000,1,1,3,5,1,NA,158,43,1,10,2,,,,,5,,,,,2,4,2,22,,,,8,,,,,2,4,1,5,2,4,45-54,9999,No,NA,1,3,6,,,,,1,,,,1640,72.93,119500,90,357,569,48
2024,549300MGPZBLQDIL7538,41740,CA,06073,06073002708,C,Conventional:First Lien,Single Family (1-4 Units):Site-Built,Not Hispanic or Latino,Asian,Female,3,0,2,1,1,1,2,2,2,335000.0,97,NA,NA,3,NA,NA,NA,NA,NA,360,NA,NA,2,2,2,2,345000,1,1,3,5,1,NA,74,47,3,10,2,,,,,5,,,,,2,4,2,23,,,,8,,,,,2,4,2,5,2,4,25-34,9999,No,NA,1,3,1,,,,,4,,,,5570,90.45,119500,38,150,439,42
2024,549300MGPZBLQDIL7538,41740,CA,06073,06073018622,C,FHA:First Lien,Single Family (1-4 Units):Site-Built,Not Hispanic or Latino,Asian,Female,3,0,2,2,32,1,2,2,2,555000.0,64.235,NA,NA,3,NA,NA,NA,NA,NA,360,NA,NA,2,2,2,2,855000,1,1,3,5,1,NA,129,45,3,10,2,,,,,5,,,,,2,4,23,,,,,8,,,,,2,4,2,5,2,4,25-34,9999,No,NA,1,3,1,,,,,1,,,,5130,62.77,119500,68,934,1302,32
2024,549300MGPZBLQDIL7538,41740,CA,06073,06073010017,C,FHA:First Lien,Single Family (1-4 Units):Site-Built,Hispanic or Latino,White,Male,3,0,2,2,1,1,2,2,2,575000.0,96.5,NA,NA,3,NA,NA,NA,NA,NA,360,NA,NA,2,2,2,2,585000,1,1,3,5,1,NA,180,50%-60%,3,3,1,11,,,,1,,,,,2,2,5,,,,,5,,,,,2,2,1,1,2,2,35-44,25-34,No,No,2,3,1,,,,,7,,,,5818,89.05,119500,117,1089,1266,16
2024,549300MGPZBLQDIL7538,41740,CA,06073,06073002501,C,FHA:First Lien,Single Family (1-4 Units):Site-Built,Hispanic or Latino,White,Joint,3,0,2,2,32,1,2,2,2,405000.0,65.574,NA,NA,3,NA,NA,NA,NA,NA,360,NA,NA,2,2,2,2,615000,1,1,3,5,1,NA,114,48,1,1,1,11,,,,1,11,,,,2,2,5,,,,,5,,,,,2,2,1,2,2,2,55-64,25-34,No,No,2,3,1,,,,,7,,,,5172,87.37,119500,53,512,1316,50
2024,549300MGPZBLQDIL7538,41740,CA,06073,06073003305,C,FHA:First Lien,Single Family (1-4 Units):Site-Built,Hispanic or Latino,White,Joint,3,0,2,2,32,1,2,2,2,565000.0,74.667,NA,NA,3,NA,NA,NA,NA,NA,360,NA,NA,2,2,2,2,755000,1,1,3,5,1,NA,116,50%-60%,1,3,1,,,,,1,,,,,2,2,5,,,,,5,,,,,2,2,1,2,2,2,45-54,45-54,No,No,2,3,1,,,,,7,,,,5823,96.55,119500,53,343,840,47
2024,549300MGPZBLQDIL7538,41740,CA,06073,06073010109,C,FHA:First Lien,Single Family (1-4 Units):Site-Built,Ethnicity Not Available,Race Not Available,Sex Not Available,3,0,2,2,1,1,2,2,2,545000.0,96.5,NA,NA,3,NA,NA,NA,NA,NA,360,NA,NA,2,2,2,2,555000,1,1,3,5,1,NA,300,<20%,9,10,3,,,,,5,,,,,2,4,6,,,,,8,,,,,2,4,3,5,2,4,<25,9999,No,NA,2,3,6,,,,,7,,,,4597,93.74,119500,91,899,1135,38
2024,549300MGPZBLQDIL7538,41740,CA,06073,06073019001,C,FHA:First Lien,Single Family (1-4 Units):Site-Built,Not Hispanic or Latino,White,Joint,3,0,2,2,32,1,2,2,2,865000.0,89.005,NA,NA,3,NA,NA,NA,NA,NA,360,NA,NA,2,2,2,2,955000,1,1,3,5,1,NA,213,50%-60%,2,3,2,,,,,3,,,,,2,2,5,,,,,6,,,,,2,2,1,2,2,2,35-44,35-44,No,No,1,3,1,,,,,3,,,,6395,33.2,119500,89,1994,2509,38
2024,549300MGPZBLQDIL7538,41740,CA,06073,06073003003,C,FHA:First Lien,Single Family (1-4 Units):Site-Built,Ethnicity Not Available,Race Not Available,Sex Not Available,3,0,2,2,1,1,2,2,2,765000.0,96.5,NA,NA,3,NA,NA,NA,NA,NA,360,NA,NA,2,2,2,2,775000,1,1,3,5,1,NA,156,50%-60%,1,3,3,,,,,3,,,,,2,2,6,,,,,6,,,,,2,2,3,1,2,2,35-44,>74,No,Yes,1,3,1,,,,,1,,,,5233,78.54,119500,81,1257,1523,56
2024,549300MGPZBLQDIL7538,41740,CA,06073,06073019001,C,FHA:First Lien,Single Family (1-4 Units):Site-Built,Not Hispanic or Latino,Asian,Joint,3,0,2,2,1,1,2,2,2,985000.0,96.5,NA,NA,3,NA,NA,NA,NA,NA,360,NA,NA,2,2,2,2,1005000,1,1,3,5,1,NA,202,47,1,1,2,,,,,2,,,,,2,2,2,,,,,2,,,,,2,2,2,1,2,2,>74,55-64,Yes,No,1,3,1,,,,,3,6,,,6395,33.2,119500,89,1994,2509,38
2024,549300MGPZBLQDIL7538,41740,CA,06073,06073003208,C,VA:First Lien,Single Family (1-4 Units):Site-Built,Not Hispanic or Latino,Race Not Available,Joint,3,0,2,3,32,1,2,2,2,605000.0,99.896,NA,NA,3,NA,NA,NA,NA,NA,360,NA,NA,2,2,2,2,605000,1,1,3,5,1,NA,170,50%-60%,9,9,2,,,,,2,,,,,2,2,6,,,,,6,,,,,2,2,1,2,2,2,45-54,55-64,No,No,2,3,6,,,,,7,,,,6944,91.98,119500,71,960,1580,45
2024,549300MGPZBLQDIL7538,41740,CA,06073,06073016704,NC,VA:First Lien,Single Family (1-4 Units):Site-Built,Ethnicity Not Available,Race Not Available,Joint,3,0,2,3,1,1,2,2,2,1445000.0,100,NA,NA,3,NA,NA,NA,NA,NA,360,NA,NA,2,2,2,2,1395000,1,1,3,5,1,NA,277,>60%,3,2,3,,,,,3,,,,,2,2,6,,,,,6,,,,,2,2,1,2,2,2,25-34,25-34,No,No,2,3,1,,,,,6,,,,7174,37.19,119500,129,1534,1692,37
2024,549300MGPZBLQDIL7538,41740,CA,06073,06073010201,NC,VA:First Lien,Single Family (1-4 Units):Site-Built,Not Hispanic or Latino,White,Male,3,0,2,3,1,1,2,2,2,1385000.0,91.667,NA,NA,3,NA,NA,NA,NA,NA,360,NA,NA,2,2,2,2,1505000,1,1,3,5,2,NA,311,49,3,2,2,,,,,3,,,,,2,2,5,,,,,6,,,,,2,2,1,3,2,2,25-34,25-34,No,No,1,3,2,,,,,9,,,,2768,41.94,119500,101,720,921,42
2024,549300MGPZBLQDIL7538,41740,CA,06073,06073008901,C,VA:First Lien,Single Family (1-4 Units):Site-Built,Not Hispanic or Latino,White,Male,3,0,2,3,1,1,2,2,2,685000.0,100,NA,NA,3,NA,NA,NA,NA,NA,360,NA,NA,2,2,2,2,675000,1,1,3,5,1,NA,128,50%-60%,9,10,2,,,,,5,,,,,2,4,5,,,,,8,,,,,2,4,1,5,2,4,25-34,9999,No,NA,2,3,6,,,,,1,,,,5036,53.71,119500,66,988,1087,37
2024,549300MGPZBLQDIL7538,41740,CA,06073,06073019405,C,VA:First Lien,Single Family (1-4 Units):Site-Built,Not Hispanic or Latino,White,Joint,3,0,2,3,1,1,2,2,2,1005000.0,100,NA,NA,3,NA,NA,NA,NA,NA,360,NA,NA,2,2,2,2,1005000,1,1,3,5,1,NA,262,38,9,9,2,,,,,2,,,,,2,2,5,,,,,5,,,,,2,2,1,2,2,2,45-54,45-54,No,No,2,3,1,,,,,7,,,,3813,70.5,119500,84,575,903,35
2024,549300MGPZBLQDIL7538,41740,CA,06073,06073003212,C,VA:First Lien,Single Family (1-4 Units):Site-Built,Not Hispanic or Latino,Asian,Joint,3,0,2,3,32,1,2,2,2,725000.0,90,NA,NA,3,NA,NA,NA,NA,NA,360,NA,NA,2,2,2,2,805000,1,1,3,5,1,NA,195,30%-<36%,1,1,2,,,,,2,,,,,2,2,2,,,,,2,,,,,2,2,2,1,2,2,35-44,35-44,No,No,1,3,1,,,,,3,,,,4231,87.99,119500,108,739,1056,50
2024,549300MGPZBLQDIL7538,41740,CA,06073,06073014001,C,VA:First Lien,Single Family (1-4 Units):Site-Built,Not Hispanic or Latino,White,Joint,3,0,2,3,31,1,2,2,2,755000.0,87.66,NA,NA,3,NA,NA,NA,NA,NA,360,NA,NA,2,2,2,2,855000,1,1,3,5,2,NA,NA,NA,2,2,2,,,,,2,,,,,2,2,5,,,,,5,,,,,2,2,1,2,2,2,25-34,25-34,No,No,1,3,6,,,,,9,,,,4941,69.08,119500,76,764,1427,59
2024,549300MGPZBLQDIL7538,41740,CA,06073,06073020806,C,VA:First Lien,Single Family (1-4 Units):Site-Built,Joint,White,Joint,3,0,2,3,1,1,2,2,2,925000.0,100,NA,NA,3,NA,NA,NA,NA,NA,360,NA,NA,2,2,2,2,925000,1,1,3,5,1,NA,407,50%-60%,2,3,2,,,,,1,11,,,,2,2,5,,,,,5,,,,,2,2,2,1,2,2,45-54,55-64,No,Yes,1,3,1,,,,,5,,,,6158,48.88,119500,77,969,1313,37
