2024,549300MGPZBLQDIL7538,41740,CA,06073,06073017306,C,Conventional:First Lien,Single Family (1-4 Units):Site-Built,Ethnicity Not Available,Race Not Available,Sex Not Available,1,3,2,1,2,1,2,2,2,765000.0,55.745,6.625,0.221,2,4695.25,NA,1990,,,360,NA,NA,2,2,2,2,1375000,1,1,3,5,1,NA,224,49,1,1,3,,,,,3,,,,,2,2,6,,,,,6,,,,,2,2,3,3,2,2,65-74,55-64,Yes,Yes,1,1,2,,,,,10,,,,2855,18.18,119500,217,871,1187,39
2024,549300MGPZBLQDIL7538,41740,CA,06073,06073003207,C,Conventional:Subordinate Lien,Single Family (1-4 Units):Site-Built,Ethnicity Not Available,Race Not Available,Joint,1,71,2,1,2,2,2,2,2,275000.0,74.816,8.625,2.832,2,8093.31,NA,5705.06,1627.56,150,360,NA,NA,2,2,2,2,1255000,1,1,3,5,1,NA,150,49,2,3,3,,,,,3,,,,,2,2,6,,,,,6,,,,,2,2,2,1,2,2,55-64,55-64,No,No,1,1,6,,,,,10,,,,6024,72.34,119500,133,1204,1446,41
2024,549300MGPZBLQDIL7538,41740,CA,06073,06073021306,C,Conventional:Subordinate Lien,Single Family (1-4 Units):Site-Built,Ethnicity Not Available,Race Not Available,Joint,1,71,2,1,2,2,2,2,2,105000.0,59.477,8.875,2.774,2,4093.25,NA,2523,528,495,360,NA,NA,2,2,2,2,1245000,1,1,3,5,1,NA,181,30%-<36%,2,1,3,,,,,3,,,,,2,2,6,,,,,6,,,,,2,2,2,1,2,2,65-74,65-74,Yes,Yes,1,1,6,,,,,10,,,,5762,71.5,119500,166,1288,1534,16
2024,549300MGPZBLQDIL7538,41740,CA,06073,06073016902,C,Conventional:First Lien,Single Family (1-4 Units):Site-Built,Not Hispanic or Latino,White,Male,1,3,2,1,31,1,2,2,2,365000.0,41.695,6.99,0.423,2,4686,NA,1195,,29.52,360,NA,NA,2,2,2,2,885000,1,1,3,5,1,NA,76,48,2,10,2,,,,,5,,,,,2,4,5,,,,,8,,,,,2,4,1,5,2,4,35-44,9999,No,NA,2,1,2,,,,,10,,,,2562,47.81,119500,111,724,844,29
2024,549300MGPZBLQDIL7538,41740,CA,06073,06073020030,NC,Conventional:First Lien,Single Family (1-4 Units):Site-Built,Not Hispanic or Latino,Asian,Joint,1,0,2,1,31,1,2,2,2,1325000.0,73.333,6.75,0.082,2,3590.25,NA,375,,6045.6,360,NA,NA,2,2,2,2,1805000,1,1,3,5,1,NA,NA,41,1,2,2,,,,,2,,,,,2,2,2,22,,,,2,22,,,,2,2,2,1,2,2,35-44,35-44,No,No,1,1,1,,,,,10,,,,7193,35.06,119500,187,1837,2088,17
2024,549300MGPZBLQDIL7538,41740,CA,06073,06073017052,C,FHA:First Lien,Single Family (1-4 Units):Site-Built,Not Hispanic or Latino,Asian,Joint,1,2,2,2,31,1,2,2,2,635000.0,62.309,6.25,0.484,2,16088.42,NA,2590.04,,,360,NA,NA,2,2,2,2,995000,1,1,3,5,1,NA,NA,NA,2,2,2,,,,,2,,,,,2,2,2,,,,,2,,,,,2,2,1,2,2,2,45-54,45-54,No,No,1,1,6,,,,,10,,,,5137,52.01,119500,110,998,1342,34
2024,549300MGPZBLQDIL7538,41740,CA,06073,06073005602,C,Conventional:First Lien,Single Family (1-4 Units):Site-Built,Ethnicity Not Available,Race Not Available,Female,1,3,2,1,31,1,2,2,2,295000.0,58.4,6,-0.03,2,4673.93,NA,2725.68,960.68,,360,NA,NA,2,2,2,2,505000,1,1,3,5,1,NA,85,49,3,10,3,,,,,5,,,,,2,4,6,,,,,8,,,,,2,4,2,5,2,4,35-44,9999,No,NA,1,1,2,,,,,10,,,,2365,43.68,119500,182,604,55,18
2024,549300MGPZBLQDIL7538,41740,CA,06073,06073018622,C,Conventional:First Lien,Single Family (1-4 Units):Site-Built,Not Hispanic or Latino,Asian,Male,1,6,2,1,31,1,2,2,2,635000.0,71.914,6.875,0.021,2,3801.4,NA,2100,,5210.6,360,NA,NA,2,2,2,2,885000,1,1,3,5,1,NA,193,30%-<36%,2,10,2,,,,,5,,,,,2,4,2,21,,,,8,,,,,2,4,1,5,2,4,25-34,9999,No,NA,1,1,2,,,,,10,,,,5130,62.77,119500,68,934,1302,32
2024,549300MGPZBLQDIL7538,41740,CA,06073,06073018515,C,Conventional:First Lien,Single Family (1-4 Units):Site-Built,Not Hispanic or Latino,White,Female,1,3,2,1,31,1,2,2,2,845000.0,77.419,6.625,0.354,2,6243.25,NA,3150,1050,,360,NA,NA,2,2,2,2,1085000,1,1,3,5,1,NA,230,36,1,10,2,,,,,5,,,,,2,4,5,,,,,8,,,,,2,4,2,5,2,4,45-54,9999,No,NA,1,1,2,,,,,10,,,,5064,37.03,119500,113,1094,1523,33
2024,549300MGPZBLQDIL7538,41740,CA,06073,06073020711,C,VA:First Lien,Single Family (1-4 Units):Site-Built,Not Hispanic or Latino,White,Joint,1,2,2,3,31,1,2,2,2,885000.0,76.621,5.99,-0.293,2,4550.25,NA,2050,,,360,NA,NA,2,2,2,2,1165000,1,1,3,5,1,NA,NA,NA,1,1,2,,,,,2,,,,,2,2,5,,,,,5,,,,,2,2,1,2,2,2,45-54,45-54,No,No,1,1,6,,,,,10,,,,3593,38.69,119500,168,1090,1239,25
2024,549300MGPZBLQDIL7538,41740,CA,06073,06073008201,C,Conventional:First Lien,Single Family (1-4 Units):Site-Built,Ethnicity Not Available,Race Not Available,Joint,1,1,2,1,31,1,2,2,2,265000.0,17.733,6.75,0.912,2,4528.25,NA,2100,,984,180,NA,NA,2,2,2,2,1505000,1,1,3,5,1,NA,533,<20%,1,1,3,,,,,3,,,,,2,2,6,,,,,5,,,,,2,2,2,1,2,2,35-44,45-54,No,No,1,1,1,,,,,10,,,,1845,25.91,119500,225,428,641,47
2024,549300MGPZBLQDIL7538,41740,CA,06073,06073014804,C,Conventional:First Lien,Single Family (1-4 Units):Site-Built,Ethnicity Not Available,Race Not Available,Female,1,3,2,1,31,1,2,2,2,975000.0,92.524,6.99,1.061,2,4439.4,NA,1995,,4750,360,NA,NA,2,2,2,2,1055000,1,1,3,5,1,NA,352,20%-<30%,2,10,3,,,,,5,,,,,2,4,6,,,,,8,,,,,2,4,2,5,2,4,45-54,9999,No,NA,1,1,2,,,,,10,,,,4588,38.47,119500,118,1196,1222,52
2024,549300MGPZBLQDIL7538,41740,CA,06073,06073012900,C,VA:First Lien,Single Family (1-4 Units):Site-Built,Ethnicity Not Available,Race Not Available,Joint,1,2,2,3,31,1,2,2,2,785000.0,87.178,5.75,-0.34,2,5944.75,NA,3956.5,1961.5,,360,NA,NA,2,2,2,2,905000,1,1,3,5,1,NA,NA,NA,1,3,3,,,,,3,,,,,2,2,6,,,,,6,,,,,2,2,1,2,2,2,55-64,35-44,No,No,1,1,6,,,,,10,,,,3540,74.27,119500,94,659,1024,65
2024,549300MGPZBLQDIL7538,41740,CA,06073,06073009602,C,Conventional:First Lien,Single Family (1-4 Units):Site-Built,Joint,White,Male,1,3,2,1,31,1,2,2,2,765000.0,80,6.625,0.513,2,3983.25,NA,1995,,4208,360,NA,NA,2,2,2,2,955000,1,1,3,5,1,NA,265,49,1,3,2,,,,,1,11,,,,2,2,5,,,,,6,,,,,2,2,1,1,2,2,25-34,25-34,No,No,1,1,2,,,,,10,,,,3946,38.32,119500,137,1010,1365,57
2024,549300MGPZBLQDIL7538,41740,CA,06073,06073016621,C,Conventional:First Lien,Single Family (1-4 Units):Site-Built,Ethnicity Not Available,Race Not Available,Joint,1,1,2,1,31,1,2,2,2,725000.0,84.906,6.49,0.449,2,4698.25,NA,2895,,4289,360,NA,NA,2,2,2,2,845000,1,1,3,5,1,NA,176,38,2,3,3,,,,,3,,,,,2,2,6,,,,,6,,,,,2,2,1,2,2,2,45-54,45-54,No,No,1,1,1,,,,,10,,,,4386,34.09,119500,116,1102,1209,41
2024,549300MGPZBLQDIL7538,41740,CA,06073,06073018510,C,Conventional:First Lien,Single Family (1-4 Units):Site-Built,Ethnicity Not Available,Race Not Available,Joint,1,3,2,1,31,1,2,2,2,725000.0,75,6.49,0.38,2,3798.25,NA,1995,,4275,360,NA,NA,2,2,2,2,965000,1,1,3,5,1,NA,234,20%-<30%,1,3,3,,,,,3,,,,,2,2,6,,,,,6,,,,,2,2,1,2,2,2,25-34,25-34,No,No,1,1,2,,,,,10,,,,3419,65.66,119500,77,653,895,52
2024,549300MGPZBLQDIL7538,41740,CA,06073,06073014901,C,Conventional:First Lien,Single Family (1-4 Units):Site-Built,Not Hispanic or Latino,White,Male,1,3,2,1,31,1,2,2,2,865000.0,69.52,6.125,0.155,2,4133.25,NA,1995,,4358,360,NA,NA,2,2,2,2,1255000,1,1,3,5,1,NA,260,30%-<36%,3,10,2,,,,,5,,,,,2,4,5,,,,,8,,,,,2,4,1,5,2,4,25-34,9999,No,NA,1,1,2,,,,,10,,,,4742,44.58,119500,98,721,1179,50
2024,549300MGPZBLQDIL7538,41740,CA,06073,06073013801,C,Conventional:First Lien,Single Family (1-4 Units):Site-Built,Ethnicity Not Available,Race Not Available,Joint,1,0,2,1,31,1,2,2,2,775000.0,80,6.49,0.439,2,3983.25,NA,1995,,4209,360,NA,NA,2,2,2,2,975000,1,1,3,5,1,NA,396,20%-<30%,2,1,3,,,,,3,,,,,2,2,6,,,,,6,,,,,2,2,1,2,2,2,35-44,25-34,No,No,1,1,2,,,,,10,,,,5178,58.25,119500,88,984,1436,58
2024,549300MGPZBLQDIL7538,41740,CA,06073,06073008356,C,Conventional:First Lien,Single Family (1-4 Units):Site-Built,Ethnicity Not Available,Race Not Available,Joint,1,3,2,1,31,1,2,2,2,965000.0,71.439,6.5,0.445,2,4578.25,NA,1995,,4803,360,NA,NA,2,2,2,2,1355000,1,1,3,5,1,NA,222,43,1,2,3,,,,,3,,,,,2,2,6,,,,,6,,,,,2,2,2,1,2,2,35-44,35-44,No,No,1,1,2,,,,,10,,,,3697,75.87,119500,104,789,1094,40
2024,549300MGPZBLQDIL7538,41740,CA,06073,06073016813,C,Conventional:First Lien,Single Family (1-4 Units):Site-Built,Not Hispanic or Latino,White,Female,1,3,2,1,31,1,2,2,2,745000.0,74.225,5.625,-0.358,2,10883.6,NA,8755.35,6910.35,,360,NA,NA,2,2,2,2,1005000,1,1,3,5,1,NA,213,30%-<36%,3,10,2,,,,,5,,,,,2,4,5,,,,,8,,,,,2,4,2,5,2,4,45-54,9999,No,NA,1,1,2,,,,,10,,,,3441,23.86,119500,107,1003,1175,38
2024,549300MGPZBLQDIL7538,41740,CA,06073,06073019904,C,Conventional:First Lien,Single Family (1-4 Units):Site-Built,Not Hispanic or Latino,White,Joint,1,3,2,1,31,1,2,2,2,635000.0,74.97,7.125,0.344,2,6220.78,NA,3814.48,1824.48,,360,NA,NA,2,2,2,2,845000,1,1,3,5,1,NA,342,20%-<30%,1,3,2,,,,,2,,,,,2,2,5,,,,,5,,,,,2,2,2,1,2,2,35-44,35-44,No,No,1,1,1,,,,,10,,,,6865,43.48,119500,93,986,1400,33
2024,549300MGPZBLQDIL7538,41740,CA,06073,06073009506,C,Conventional:First Lien,Single Family (1-4 Units):Site-Built,Not Hispanic or Latino,Asian,Male,1,3,2,1,31,1,2,2,2,485000.0,78.4,6.625,0.002,2,4421.4,NA,2140,,3696,360,NA,NA,2,2,2,2,1255000,1,1,3,5,1,NA,128,42,2,10,2,,,,,5,,,,,2,4,2,27,,,,8,,,,,2,4,1,5,2,4,35-44,9999,No,NA,1,1,1,,,,,10,,,,4385,41.51,119500,146,1170,1538,0
2024,549300MGPZBLQDIL7538,41740,CA,06073,06073008901,C,Conventional:First Lien,Single Family (1-4 Units):Site-Built,Joint,White,Joint,1,3,2,1,31,1,2,2,2,605000.0,90.567,6.625,0.512,2,4768.25,NA,2140,,612.87,360,NA,NA,2,2,2,2,675000,1,1,3,5,1,NA,189,30%-<36%,3,3,2,,,,,1,,,,,2,2,5,,,,,5,,,,,2,2,2,1,2,2,35-44,35-44,No,No,1,1,1,,,,,10,,,,5036,53.71,119500,66,988,1087,37
2024,549300MGPZBLQDIL7538,41740,CA,06073,06073020026,C,Conventional:First Lien,Single Family (1-4 Units):Site-Built,Not Hispanic or Latino,White,Female,1,3,2,1,31,1,2,2,2,685000.0,73.838,6.625,-0.149,2,4876.05,NA,3082.8,1092.8,,360,NA,NA,2,2,2,2,925000,1,1,3,5,1,NA,224,30%-<36%,1,10,2,,,,,5,,,,,2,4,5,,,,,8,,,,,2,4,2,5,2,4,45-54,9999,No,NA,1,1,1,,,,,10,,,,4345,33.19,119500,123,1257,1653,37
2024,549300MGPZBLQDIL7538,41740,CA,06073,06073009505,C,Conventional:First Lien,Single Family (1-4 Units):Site-Built,Ethnicity Not Available,Race Not Available,Female,1,3,2,1,31,1,2,2,2,385000.0,39.148,6.625,0.682,2,3763.25,NA,2140,,3408.38,360,NA,NA,2,2,2,2,985000,1,1,3,5,1,NA,162,46,2,10,3,,,,,5,,,,,2,4,6,,,,,8,,,,,2,4,2,5,2,4,35-44,9999,No,NA,1,1,2,,,,,10,,,,6559,41.12,119500,142,1991,2414,35
2024,549300MGPZBLQDIL7538,41740,CA,06073,06073008901,C,Conventional:First Lien,Single Family (1-4 Units):Site-Built,Not Hispanic or Latino,Asian,Female,1,3,2,1,31,1,2,2,2,795000.0,80,7.125,0.316,2,8553.25,NA,5970,3980,,360,NA,NA,2,2,2,2,995000,1,1,3,5,1,NA,210,38,3,10,2,,,,,5,,,,,2,4,2,,,,,8,,,,,2,4,2,5,2,4,25-34,9999,No,NA,1,1,1,,,,,10,,,,5036,53.71,119500,66,988,1087,37
2024,549300MGPZBLQDIL7538,41740,CA,06073,06073015001,C,FHA:First Lien,Single Family (1-4 Units):Site-Built,Not Hispanic or Latino,White,Joint,1,2,2,2,31,1,2,2,2,765000.0,82.503,6.25,-0.046,2,23399.21,NA,7467.3,5477.3,,360,NA,NA,2,2,2,2,915000,1,1,3,5,1,NA,207,43,2,3,2,,,,,2,,,,,2,2,5,,,,,5,,,,,2,2,1,2,2,2,65-74,65-74,Yes,Yes,1,1,1,,,,,10,,,,4294,43.99,119500,77,696,1122,60
2024,549300MGPZBLQDIL7538,41740,CA,06073,06073014602,C,FHA:First Lien,Single Family (1-4 Units):Site-Built,Not Hispanic or Latino,White,Joint,1,2,2,2,31,1,2,2,2,875000.0,96.89,5.75,0.373,2,19064.13,NA,2140,,5743.13,360,NA,NA,2,2,2,2,885000,1,1,3,5,1,NA,NA,NA,3,1,2,,,,,2,,,,,2,2,5,,,,,5,,,,,2,2,1,2,2,2,35-44,35-44,No,No,1,1,6,,,,,10,,,,4902,47.16,119500,108,1092,1579,50
2024,549300MGPZBLQDIL7538,41740,CA,06073,06073020712,C,Conventional:First Lien,Single Family (1-4 Units):Site-Built,Not Hispanic or Latino,White,Joint,1,3,2,1,31,1,2,2,2,715000.0,71.972,6.625,0.017,2,4063.25,NA,2140,,4520.28,348,NA,NA,2,2,2,2,995000,1,1,3,5,1,NA,303,30%-<36%,1,3,2,,,,,2,,,,,2,2,5,,,,,5,,,,,2,2,1,2,2,2,45-54,35-44,No,No,1,1,1,,,,,10,,,,4856,52.62,119500,115,1391,1497,34
2024,549300MGPZBLQDIL7538,41740,CA,06073,06073019111,C,Conventional:First Lien,Single Family (1-4 Units):Site-Built,Not Hispanic or Latino,White,Female,1,1,2,1,31,1,2,2,2,595000.0,59.993,6.625,0.275,2,4063.25,NA,2140,,2816.85,360,NA,NA,2,2,2,2,995000,1,1,3,5,1,NA,190,46,1,10,2,,,,,5,,,,,2,4,5,,,,,8,,,,,2,4,2,5,2,4,35-44,9999,No,NA,1,1,1,,,,,10,,,,4417,54.97,119500,99,880,1235,33
2024,549300MGPZBLQDIL7538,41740,CA,06073,06073009706,C,Conventional:First Lien,Single Family (1-4 Units):Site-Built,Not Hispanic or Latino,White,Male,1,3,2,1,31,1,2,2,2,305000.0,30,6.125,0.206,2,3763.25,NA,2140,,,360,NA,NA,2,2,2,2,1005000,1,1,3,5,1,NA,103,36,1,10,2,,,,,5,,,,,2,4,5,,,,,8,,,,,2,4,1,5,2,4,35-44,9999,No,NA,1,1,2,,,,,10,,,,7520,30.4,119500,171,2151,2513,53
2024,549300MGPZBLQDIL7538,41740,CA,06073,06073020801,C,Conventional:First Lien,Single Family (1-4 Units):Site-Built,Joint,White,Joint,1,3,2,1,31,1,2,2,2,925000.0,77.975,6.625,-0.001,2,4723.25,NA,2140,,,360,NA,NA,2,2,2,2,1185000,1,1,3,5,1,NA,299,42,3,3,1,,,,,2,,,,,2,2,5,,,,,5,,,,,2,2,1,2,2,2,45-54,45-54,No,No,1,1,2,,,,,10,,,,5295,27.2,119500,154,1465,1865,33
2024,549300MGPZBLQDIL7538,41740,CA,06073,06073018608,C,VA:First Lien,Single Family (1-4 Units):Manufactured,Joint,Joint,Joint,1,2,2,3,31,1,2,2,2,425000.0,84.966,5.75,-0.511,2,3613.25,NA,1990,,,360,NA,NA,2,2,2,2,495000,2,1,1,1,1,NA,NA,NA,2,2,2,,,,,1,11,,,,2,2,3,,,,,5,,,,,2,2,1,2,2,2,65-74,65-74,Yes,Yes,1,1,6,,,,,10,,,,3103,54.85,119500,122,925,1050,31
2024,549300MGPZBLQDIL7538,41740,CA,06073,06073017810,C,Conventional:First Lien,Single Family (1-4 Units):Site-Built,Not Hispanic or Latino,White,Male,1,3,2,1,31,1,2,2,2,1005000.0,31.438,6.125,0.125,2,6364.25,NA,3146,,150,360,NA,NA,2,2,2,2,3205000,1,1,3,5,1,NA,2506,<20%,1,10,2,,,,,5,,,,,2,4,5,,,,,8,,,,,2,4,1,5,2,4,55-64,9999,No,NA,1,1,2,,,,,10,,,,5067,22.93,119500,170,1443,1737,42
2024,549300MGPZBLQDIL7538,41740,CA,06073,06073017810,C,Conventional:Subordinate Lien,Single Family (1-4 Units):Site-Built,Not Hispanic or Latino,White,Joint,1,0,2,1,31,2,2,2,2,405000.0,67.96,8.75,2.889,2,7598.45,NA,5430.2,403.2,,360,NA,NA,2,2,2,2,1635000,1,1,3,5,1,NA,261,49,1,1,2,,,,,2,,,,,2,2,5,,,,,5,,,,,2,2,1,2,2,2,35-44,35-44,No,No,1,1,6,,,,,10,,,,5067,22.93,119500,170,1443,1737,42
2024,549300MGPZBLQDIL7538,41740,CA,06073,06073018803,C,Conventional:First Lien,Single Family (1-4 Units):Site-Built,Ethnicity Not Available,Race Not Available,Joint,1,3,2,1,31,1,2,2,2,445000.0,89.98,4.875,-0.064,2,13404.1,NA,11830.85,9690.85,,180,NA,NA,2,2,2,2,505000,1,1,3,5,1,NA,185,36,2,1,3,,,,,3,,,,,2,2,6,,,,,6,,,,,2,2,1,2,2,2,45-54,45-54,No,No,1,1,2,,,,,10,,,,5056,34.99,119500,106,1164,1725,35
2024,549300MGPZBLQDIL7538,41740,CA,06073,06073020706,C,Conventional:First Lien,Single Family (1-4 Units):Site-Built,Hispanic or Latino,White,Joint,1,0,2,1,31,1,2,2,2,795000.0,79.98,6.125,0.15,2,5486.55,NA,3498.3,1358.3,,360,NA,NA,2,2,2,2,995000,1,1,3,5,1,NA,243,30%-<36%,2,3,1,,,,,3,,,,,2,2,5,,,,,6,,,,,2,2,1,2,2,2,25-34,25-34,No,No,1,1,1,,,,,10,,,,6656,33.95,119500,174,1665,2072,37
2024,549300MGPZBLQDIL7538,41740,CA,06073,06073019904,C,Conventional:First Lien,Single Family (1-4 Units):Site-Built,Hispanic or Latino,White,Joint,1,3,2,1,31,1,2,2,2,415000.0,70,6.125,0.117,2,3713.25,NA,2140,,,360,NA,NA,2,2,2,2,595000,1,1,3,5,1,NA,145,30%-<36%,3,2,1,,,,,1,,,,,2,2,5,,,,,5,,,,,2,2,1,2,2,2,55-64,55-64,No,No,1,1,1,,,,,10,,,,6865,43.48,119500,93,986,1400,33
2024,549300MGPZBLQDIL7538,41740,CA,06073,06073020708,NC,Conventional:First Lien,Single Family (1-4 Units):Site-Built,Not Hispanic or Latino,White,Joint,1,71,2,1,31,1,2,2,2,1685000.0,80,6.875,0.862,2,5558.25,NA,2140,,595,360,NA,NA,2,2,2,2,2105000,1,1,3,5,1,NA,474,45,1,2,2,,,,,3,,,,,2,2,5,,,,,6,,,,,2,2,1,2,2,2,35-44,45-54,No,No,1,1,1,,,,,10,,,,3728,44.85,119500,95,914,1127,40
2024,549300MGPZBLQDIL7538,41740,CA,06073,06073009502,C,Conventional:First Lien,Single Family (1-4 Units):Site-Built,Not Hispanic or Latino,Asian,Male,1,0,2,1,31,1,2,2,2,595000.0,59.118,6.625,-0.016,2,3863.25,NA,2040,,,360,NA,NA,2,2,2,2,995000,1,1,3,5,1,NA,139,42,3,10,2,,,,,5,,,,,2,4,2,24,,,,8,,,,,2,4,1,5,2,4,25-34,9999,No,NA,1,1,2,,,,,10,,,,3801,43.86,119500,122,996,1260,0
2024,549300MGPZBLQDIL7538,41740,CA,06073,06073013411,C,Conventional:First Lien,Single Family (1-4 Units):Site-Built,Hispanic or Latino,Race Not Available,Joint,1,3,2,1,31,1,2,2,2,995000.0,71.103,5.99,-0.092,2,6508.48,NA,3608.23,1768.23,,360,NA,NA,2,2,2,2,1405000,1,1,3,5,1,NA,289,49,1,2,1,11,,,,1,11,,,,2,2,6,,,,,6,,,,,2,2,2,1,2,2,45-54,45-54,No,No,1,1,2,,,,,10,,,,5270,67.4,119500,121,1446,1665,40
2024,549300MGPZBLQDIL7538,41740,CA,06073,06073010402,C,Conventional:First Lien,Single Family (1-4 Units):Site-Built,Not Hispanic or Latino,Asian,Male,1,3,2,1,31,1,2,2,1,635000.0,52.5,6.49,NA,3,NA,NA,NA,NA,NA,360,NA,NA,2,2,2,2,1205000,1,3,3,5,2,NA,442,46,2,10,2,,,,,5,,,,,2,4,2,27,,,,8,,,,,2,4,1,5,2,4,55-64,9999,No,NA,1,1,2,,,,,10,,,,5800,80.97,119500,56,319,1147,45
2024,549300MGPZBLQDIL7538,41740,CA,06073,06073020811,C,Conventional:First Lien,Single Family (1-4 Units):Site-Built,Not Hispanic or Latino,White,Joint,1,3,2,1,31,1,2,2,2,675000.0,74.734,6.99,0.124,2,3555.25,NA,1495,,,360,NA,NA,2,2,2,2,905000,1,1,3,5,1,NA,212,41,1,1,2,,,,,2,,,,,2,2,5,,,,,5,,,,,2,2,1,2,2,2,35-44,25-34,No,No,1,1,2,,,,,10,,,,5923,26.78,119500,142,1523,2070,34
2024,549300MGPZBLQDIL7538,41740,CA,06073,06073020015,C,Conventional:First Lien,Single Family (1-4 Units):Site-Built,Not Hispanic or Latino,White,Joint,1,3,2,1,31,1,2,2,2,595000.0,75,6.125,-0.46,2,6338.25,NA,3865,1185,,360,NA,NA,2,2,2,2,795000,1,1,3,5,1,NA,167,49,3,2,2,,,,,2,,,,,2,2,5,,,,,5,,,,,2,2,1,2,2,2,55-64,55-64,No,No,1,1,1,,,,,10,,,,5171,27.31,119500,173,1510,1557,38
2024,549300MGPZBLQDIL7538,41740,CA,06073,06073016809,C,Conventional:First Lien,Single Family (1-4 Units):Site-Built,Not Hispanic or Latino,White,Female,1,0,2,1,31,1,2,2,2,465000.0,39.215,6.625,-0.035,2,5050,NA,2656.75,1161.75,,360,NA,NA,2,2,2,2,1185000,1,1,3,5,1,NA,173,30%-<36%,3,10,2,,,,,5,,,,,2,4,5,,,,,8,,,,,2,4,2,5,2,4,55-64,9999,No,NA,1,1,1,,,,,10,,,,6056,40.18,119500,88,1455,1839,42
2024,549300MGPZBLQDIL7538,41740,CA,06073,06073008324,NC,VA:First Lien,Single Family (1-4 Units):Site-Built,Ethnicity Not Available,Race Not Available,Male,1,2,2,3,31,1,2,2,2,1675000.0,79.5,5.75,-0.867,2,11050.75,NA,0,,2097.31,360,NA,NA,2,2,2,2,2105000,1,1,3,5,1,NA,NA,NA,1,1,3,,,,,3,,,,,2,2,6,,,,,6,,,,,2,2,1,1,2,2,45-54,45-54,No,No,1,1,6,,,,,10,,,,6745,24.11,119500,241,2173,2389,45
2024,549300MGPZBLQDIL7538,41740,CA,06073,06073017810,C,Conventional:First Lien,Single Family (1-4 Units):Site-Built,Not Hispanic or Latino,White,Joint,1,6,2,1,31,1,2,2,2,965000.0,77.73,6.625,-0.039,2,4295.25,NA,1495,,,360,NA,NA,2,2,2,2,1245000,1,1,3,5,1,NA,318,30%-<36%,2,1,2,,,,,2,,,,,2,2,5,,,,,5,,,,,2,2,1,2,2,2,25-34,25-34,No,No,1,1,6,,,,,10,,,,5067,22.93,119500,170,1443,1737,42
2024,549300MGPZBLQDIL7538,41740,CA,06073,06073002905,C,VA:First Lien,Single Family (1-4 Units):Site-Built,Joint,Black or African American,Joint,1,2,2,3,31,1,2,2,2,775000.0,101.933,5.25,-0.673,2,10535.68,NA,4725.03,4725.03,,360,NA,NA,2,2,2,2,755000,1,1,3,5,1,NA,NA,NA,3,3,2,,,,,1,,,,,2,2,3,,,,,6,,,,,2,2,2,1,2,2,35-44,45-54,No,No,1,1,6,,,,,10,,,,4335,62.63,119500,76,721,1309,54
2024,549300MGPZBLQDIL7538,41740,CA,06073,06073019903,C,VA:First Lien,Single Family (1-4 Units):Site-Built,Not Hispanic or Latino,White,Sex Not Available,1,2,2,3,31,1,2,2,2,715000.0,96.698,6.125,-0.277,2,2285.25,NA,0,,,360,NA,NA,2,2,2,2,735000,1,1,3,5,1,NA,NA,NA,3,10,2,,,,,5,,,,,2,4,5,,,,,8,,,,,2,4,3,5,2,4,35-44,9999,No,NA,1,1,6,,,,,10,,,,4718,49.15,119500,97,955,1282,40
2024,549300MGPZBLQDIL7538,41740,CA,06073,06073019903,C,VA:First Lien,Single Family (1-4 Units):Site-Built,Ethnicity Not Available,American Indian or Alaska Native,Joint,1,2,2,3,31,1,2,2,2,935000.0,96.196,5.75,-0.591,2,2145.25,NA,0,,,360,NA,NA,2,2,2,2,975000,1,1,3,5,1,NA,NA,NA,3,3,3,,,,,1,,,,,2,2,1,,,,,6,,,,,2,2,1,2,2,2,25-34,25-34,No,No,1,1,6,,,,,10,,,,4718,49.15,119500,97,955,1282,40
2024,549300MGPZBLQDIL7538,41740,CA,06073,06073010402,C,VA:First Lien,Single Family (1-4 Units):Site-Built,Not Hispanic or Latino,Asian,Male,1,2,2,3,31,1,2,2,1,445000.0,101.275,5.75,NA,3,NA,NA,NA,NA,NA,360,NA,NA,2,2,2,2,435000,1,3,3,5,1,NA,NA,NA,3,10,2,,,,,5,,,,,2,4,5,23,,,,8,,,,,2,4,1,5,2,4,<25,9999,No,NA,1,1,6,,,,,10,,,,5800,80.97,119500,56,319,1147,45
2024,549300MGPZBLQDIL7538,41740,CA,06073,06073018201,C,Conventional:First Lien,Single Family (1-4 Units):Site-Built,Not Hispanic or Latino,White,Female,1,3,2,1,31,1,2,2,2,985000.0,65,5.99,-0.01,2,5154.19,NA,2395.94,1031.94,,360,NA,NA,2,2,2,2,1515000,1,1,3,5,1,NA,184,48,1,10,2,,,,,5,,,,,2,4,5,,,,,8,,,,,2,4,2,5,2,4,55-64,9999,No,NA,1,1,2,,,,,10,,,,2942,53.94,119500,88,368,870,52
2024,549300MGPZBLQDIL7538,41740,CA,06073,06073012302,C,VA:First Lien,Single Family (1-4 Units):Site-Built,Not Hispanic or Latino,Black or African American,Joint,1,2,2,3,31,1,2,2,2,625000.0,96.728,6.75,0.003,2,2712.99,NA,627.74,628.74,,360,NA,NA,2,2,2,2,655000,1,1,3,5,1,NA,NA,NA,1,3,2,,,,,2,,,,,2,2,3,,,,,3,,,,,2,2,1,2,2,2,45-54,45-54,No,No,1,1,6,,,,,10,,,,1889,82.27,119500,40,100,270,50
2024,549300MGPZBLQDIL7538,41740,CA,06073,06073016302,C,FHA:First Lien,Single Family (1-4 Units):Site-Built,Ethnicity Not Available,Race Not Available,Joint,1,2,2,2,32,1,2,2,2,385000.0,55.515,6.25,-0.266,2,15155.14,NA,6020.14,6020.14,,360,NA,NA,2,2,2,2,685000,1,1,3,5,1,NA,164,20%-<30%,1,1,3,,,,,3,,,,,2,2,6,,,,,6,,,,,2,2,1,2,2,2,35-44,35-44,No,No,2,1,1,,,,,10,,,,5750,55.03,119500,44,506,928,50
2024,549300MGPZBLQDIL7538,41740,CA,06073,06073016610,C,FHA:First Lien,Single Family (1-4 Units):Site-Built,Not Hispanic or Latino,White,Joint,1,2,2,2,32,1,2,2,2,585000.0,70.61,5.99,-0.007,2,16413.33,NA,2667.83,1472.83,,360,NA,NA,2,2,2,2,825000,1,1,3,5,1,NA,116,50%-60%,2,1,2,,,,,2,,,,,2,2,5,,,,,5,,,,,2,2,1,2,2,2,35-44,35-44,No,No,2,1,1,,,,,10,,,,4334,36.11,119500,81,1074,1324,44
2024,549300MGPZBLQDIL7538,41740,CA,06073,06073018619,C,VA:First Lien,Single Family (1-4 Units):Site-Built,Not Hispanic or Latino,Asian,Joint,1,2,2,3,32,1,2,2,2,745000.0,56.679,6.125,-0.464,2,5367,NA,1195,,1811.7,360,NA,NA,2,2,2,2,1315000,1,1,3,5,1,NA,204,50%-60%,1,2,2,,,,,2,,,,,2,2,2,23,,,,2,23,,,,2,2,1,2,2,2,55-64,45-54,No,No,2,1,1,,,,,10,,,,6194,44.28,119500,150,1268,1760,17
2024,549300MGPZBLQDIL7538,41740,CA,06073,06073018905,C,FHA:First Lien,Single Family (1-4 Units):Site-Built,Hispanic or Latino,Race Not Available,Male,1,9,2,2,32,1,2,2,2,415000.0,58.05,6.25,-0.031,2,13757.45,NA,4672.78,3617.78,,360,NA,NA,2,2,2,2,705000,1,1,3,5,1,NA,92,50%-60%,1,1,1,11,,,,1,11,,,,2,2,6,,,,,5,,,,,2,2,1,1,2,2,45-54,>74,No,Yes,1,1,1,,,,,10,,,,6764,71.66,119500,70,824,1259,40
2024,549300MGPZBLQDIL7538,41740,CA,06073,06073017104,C,Conventional:First Lien,Single Family (1-4 Units):Site-Built,Not Hispanic or Latino,White,Joint,1,3,2,1,32,1,2,2,2,565000.0,18.404,6.125,0.196,2,10318.25,NA,7440,5650,150,360,NA,NA,2,2,2,2,3075000,1,1,3,5,1,NA,140,46,1,1,2,,,,,2,,,,,2,2,5,,,,,5,,,,,2,2,2,1,2,2,65-74,65-74,Yes,Yes,1,1,2,,,,,10,,,,4014,24.94,119500,126,1114,1331,42
2024,549300MGPZBLQDIL7538,41740,CA,06073,06073018504,C,Conventional:First Lien,Single Family (1-4 Units):Site-Built,Not Hispanic or Latino,White,Joint,1,1,2,1,32,1,2,2,2,225000.0,32.143,6.875,0.191,2,3484.4,NA,1990,,,360,NA,NA,2,2,2,2,705000,1,1,3,5,1,NA,273,20%-<30%,3,1,2,,,,,2,,,,,2,2,5,,,,,5,,,,,2,2,2,1,2,2,55-64,55-64,Yes,No,1,1,1,,,,,10,,,,6797,36.05,119500,84,1548,2175,45
2024,549300MGPZBLQDIL7538,41740,CA,06073,06073002709,C,Conventional:First Lien,Single Family (1-4 Units):Site-Built,Hispanic or Latino,White,Male,1,0,2,1,32,1,2,2,1,695000.0,46.2,7.25,NA,3,NA,NA,NA,NA,NA,360,NA,NA,2,2,2,2,1505000,1,3,3,5,4,NA,71,30%-<36%,1,10,1,14,,,,5,,,,,2,4,5,,,,,8,,,,,2,4,1,5,2,4,25-34,9999,No,NA,1,1,2,,,,,10,,,,3487,88.44,119500,36,263,644,52
2024,549300MGPZBLQDIL7538,41740,CA,06073,06073020902,C,VA:First Lien,Single Family (1-4 Units):Site-Built,Joint,Black or African American,Joint,1,2,2,3,32,1,2,2,2,675000.0,86.397,7.25,0.702,2,6717.98,NA,4912.73,4238.83,,360,NA,NA,2,2,2,2,785000,1,1,3,5,1,NA,171,50%-60%,3,2,2,,,,,1,11,,,,2,2,3,,,,,6,,,,,2,2,1,2,2,2,35-44,45-54,No,No,1,1,6,,,,,10,,,,2306,25.07,119500,102,633,1148,47
2024,549300MGPZBLQDIL7538,41740,CA,06073,06073009802,C,Conventional:First Lien,Single Family (1-4 Units):Site-Built,Not Hispanic or Latino,White,Joint,1,3,2,1,32,1,2,2,2,595000.0,66.133,7.625,0.981,2,7795.14,NA,6193.74,4093.74,,360,NA,NA,2,2,2,2,905000,1,1,3,5,1,NA,179,47,3,1,2,,,,,2,,,,,2,2,5,,,,,5,,,,,2,2,1,2,2,2,35-44,35-44,No,No,1,1,2,,,,,10,,,,6586,46.83,119500,103,1648,1816,55
2024,549300MGPZBLQDIL7538,41740,CA,06073,06073009804,C,Conventional:First Lien,Single Family (1-4 Units):Site-Built,Not Hispanic or Latino,White,Female,1,1,2,1,32,1,2,2,2,405000.0,41.667,7.5,0.532,2,7847.4,NA,5976,3476,,360,NA,NA,2,2,2,2,965000,1,1,3,5,1,NA,157,49,3,3,2,,,,,2,,,,,2,2,5,,,,,5,,,,,2,2,2,2,2,2,>74,65-74,Yes,Yes,1,1,1,,,,,10,,,,5024,34.75,119500,135,1652,1914,54
2024,549300MGPZBLQDIL7538,41740,CA,06073,06073014701,C,Conventional:First Lien,Single Family (1-4 Units):Site-Built,Not Hispanic or Latino,White,Joint,1,3,2,1,32,1,2,2,2,255000.0,30.723,6.625,0.612,2,3135.25,NA,2100,,,360,NA,NA,2,2,2,2,835000,1,1,3,5,1,NA,104,43,3,1,2,,,,,2,,,,,2,2,5,,,,,5,,,,,2,2,1,2,2,2,35-44,35-44,No,No,1,1,2,,,,,10,,,,4045,46.8,119500,107,740,1120,67
2024,549300MGPZBLQDIL7538,41740,CA,06073,06073002301,C,Conventional:First Lien,Single Family (1-4 Units):Site-Built,Not Hispanic or Latino,White,Joint,1,3,2,1,32,1,2,2,1,545000.0,36.61,7.375,NA,3,NA,NA,NA,NA,NA,360,NA,NA,2,2,2,2,1475000,1,3,3,5,4,NA,145,47,2,3,2,,,,,3,,,,,2,2,5,,,,,5,,,,,2,2,1,2,2,2,>74,>74,Yes,Yes,1,1,2,,,,,10,,,,2976,82.46,119500,49,184,412,50
2024,549300MGPZBLQDIL7538,41740,CA,06073,06073013319,C,VA:First Lien,Single Family (1-4 Units):Site-Built,Hispanic or Latino,Race Not Available,Joint,1,2,2,3,32,1,2,2,2,585000.0,50.386,6.125,-0.121,2,13051.25,NA,10208,8218,,360,NA,NA,2,2,2,2,1165000,1,1,3,5,1,NA,153,30%-<36%,2,2,1,14,,,,3,,,,,2,2,6,,,,,6,,,,,2,2,2,1,2,2,35-44,45-54,No,No,1,1,1,,,,,10,,,,7458,81.42,119500,135,1264,1366,12
2024,549300MGPZBLQDIL7538,41740,CA,06073,06073017601,NC,Conventional:First Lien,Single Family (1-4 Units):Site-Built,Not Hispanic or Latino,White,Male,1,9,2,1,32,1,2,2,2,1205000.0,48,7.25,0.637,2,5268.25,NA,1990,,5790,360,NA,NA,2,2,2,2,2505000,1,1,3,5,1,NA,467,30%-<36%,2,1,2,,,,,2,,,,,2,2,5,,,,,5,,,,,2,2,1,1,2,2,55-64,>74,No,Yes,1,1,1,,,,,10,,,,5511,19.2,119500,164,1339,1619,28
2024,549300MGPZBLQDIL7538,41740,CA,06073,06073019110,C,FHA:First Lien,Single Family (1-4 Units):Site-Built,Not Hispanic or Latino,White,Male,1,71,2,2,32,1,2,2,2,845000.0,80,6.25,0.524,2,18948.25,NA,2140,,,360,NA,NA,2,2,2,2,1035000,1,1,3,5,1,NA,265,50%-60%,2,10,2,,,,,5,,,,,2,4,5,,,,,8,,,,,2,4,1,5,2,4,35-44,9999,No,NA,1,1,1,,,,,10,,,,5438,50.68,119500,110,1197,1779,35
2024,549300MGPZBLQDIL7538,41740,CA,06073,06073017063,C,Conventional:Subordinate Lien,Single Family (1-4 Units):Site-Built,Not Hispanic or Latino,Joint,Joint,1,71,2,1,32,2,2,2,2,335000.0,73.653,8.875,3.143,2,8443.25,NA,6275,1980,,360,NA,NA,2,2,2,2,1405000,1,1,3,5,1,NA,262,42,1,1,2,,,,,2,,,,,2,2,5,,,,,2,,,,,2,2,1,2,2,2,35-44,35-44,No,No,1,1,6,,,,,10,,,,4659,42.8,119500,163,860,1058,35
2024,549300MGPZBLQDIL7538,41740,CA,06073,06073008507,C,FHA:First Lien,Single Family (1-4 Units):Site-Built,Hispanic or Latino,White,Joint,1,2,2,2,32,1,2,2,2,955000.0,63.221,6.25,0.602,2,24562.95,NA,5494.7,3354.7,,360,NA,NA,2,2,2,2,1495000,1,1,3,5,1,NA,289,50%-60%,3,3,1,,,,,1,,,,,2,2,5,,,,,5,,,,,2,2,1,2,2,2,35-44,35-44,No,No,1,1,1,,,,,10,,,,7520,54.4,119500,96,1045,1460,50
2024,549300MGPZBLQDIL7538,41740,CA,06073,06073018904,C,Conventional:First Lien,Single Family (1-4 Units):Site-Built,Ethnicity Not Available,Race Not Available,Male,1,3,2,1,32,1,2,2,2,475000.0,75,7.125,0.795,2,12445.21,NA,10238.96,8843.96,,360,NA,NA,2,2,2,2,635000,1,1,3,5,1,NA,183,42,3,10,3,,,,,5,,,,,2,4,6,,,,,8,,,,,2,4,1,5,2,4,45-54,9999,No,NA,1,1,1,,,,,10,,,,6316,66.04,119500,59,755,1206,42
2024,549300MGPZBLQDIL7538,41740,CA,06073,06073020813,C,Conventional:First Lien,Single Family (1-4 Units):Site-Built,Not Hispanic or Latino,White,Female,1,1,2,1,32,1,2,2,2,305000.0,41.209,7.125,0.329,2,3988.4,NA,1395,,,360,NA,NA,2,2,2,2,725000,1,1,3,5,1,NA,97,30%-<36%,1,10,2,,,,,5,,,,,2,4,5,,,,,8,,,,,2,4,2,5,2,4,>74,9999,Yes,NA,1,1,2,,,,,10,,,,4983,41.12,119500,95,1042,1560,43
2024,549300MGPZBLQDIL7538,41740,CA,06073,06073015301,C,Conventional:First Lien,Single Family (1-4 Units):Site-Built,Not Hispanic or Latino,White,Male,1,71,2,1,32,1,2,2,1,885000.0,75,7.875,NA,3,NA,NA,NA,NA,NA,360,NA,NA,2,2,2,2,1185000,1,3,3,5,1,NA,NA,NA,3,10,2,,,,,5,,,,,2,4,5,,,,,8,,,,,2,4,1,5,2,4,45-54,9999,No,NA,1,1,6,,,,,10,,,,3411,45.53,119500,85,574,808,61
2024,549300MGPZBLQDIL7538,41740,CA,06073,06073020044,C,Conventional:First Lien,Single Family (1-4 Units):Site-Built,Ethnicity Not Available,Race Not Available,Joint,1,9,2,1,32,1,2,2,1,295000.0,29,7.5,NA,3,NA,NA,NA,NA,NA,360,NA,NA,2,2,2,2,1005000,1,3,3,5,1,NA,NA,NA,1,1,3,,,,,3,,,,,2,2,6,,,,,6,,,,,2,2,1,2,2,2,35-44,35-44,No,No,1,1,6,,,,,10,,,,8509,41.37,119500,152,2061,2719,19
2024,549300MGPZBLQDIL7538,41740,CA,06073,06073003108,C,Conventional:First Lien,Single Family (1-4 Units):Site-Built,Not Hispanic or Latino,White,Male,1,0,2,1,32,1,2,2,2,325000.0,46.591,7.875,1.962,2,6495.77,NA,4164.92,2669.92,,360,NA,NA,2,2,2,2,705000,1,1,3,5,1,NA,97,43,1,10,2,,,,,5,,,,,2,4,5,,,,,8,,,,,2,4,1,5,2,4,65-74,9999,Yes,NA,1,1,6,,,,,10,,,,3454,81.33,119500,98,791,975,57
2024,549300MGPZBLQDIL7538,41740,CA,06073,06073009306,C,Conventional:Subordinate Lien,Single Family (1-4 Units):Site-Built,Not Hispanic or Latino,White,Male,1,71,2,1,32,2,2,2,2,195000.0,80.34,9.625,3.156,2,5560.72,NA,3687.47,702.47,,360,NA,NA,2,2,2,2,955000,1,1,3,5,1,NA,200,38,2,1,2,,,,,2,,,,,2,2,5,,,,,5,,,,,2,2,1,1,2,2,45-54,35-44,No,No,1,1,6,,,,,10,,,,6125,53.18,119500,106,973,1236,28
2024,549300MGPZBLQDIL7538,41740,CA,06073,06073018904,C,Conventional:Subordinate Lien,Single Family (1-4 Units):Site-Built,Hispanic or Latino,White,Joint,1,71,2,1,4,2,2,2,2,65000.0,68.767,8.375,2.699,2,3192.85,NA,1764.6,119.6,,360,NA,NA,2,2,2,2,665000,1,1,3,5,1,NA,113,46,3,1,1,11,,,,1,11,,,,2,2,5,,,,,5,,,,,2,2,1,2,2,2,55-64,55-64,Yes,Yes,1,1,6,,,,,10,,,,6316,66.04,119500,59,755,1206,42
2024,549300MGPZBLQDIL7538,41740,CA,06073,06073007401,C,Conventional:First Lien,Single Family (1-4 Units):Site-Built,Joint,White,Joint,1,3,2,1,4,1,2,2,2,125000.0,13.27,6.99,1.291,2,4266.9,NA,2412.5,,,180,NA,NA,2,2,2,2,945000,1,1,3,5,1,NA,109,40,2,2,1,11,,,,2,,,,,2,2,5,,,,,5,,,,,2,2,2,1,2,2,45-54,55-64,No,No,1,1,2,,,,,10,,,,3197,34.03,119500,87,520,637,45
2024,549300MGPZBLQDIL7538,41740,CA,06073,06073004800,C,Conventional:First Lien,Single Family (1-4 Units):Site-Built,Not Hispanic or Latino,Asian,Female,1,9,2,1,4,1,2,2,1,635000.0,59.717,7,NA,3,NA,NA,NA,NA,NA,360,NA,NA,2,2,2,2,1065000,1,1,3,5,3,NA,163,43,2,10,2,,,,,5,,,,,2,4,22,,,,,8,,,,,2,4,2,5,2,4,55-64,9999,No,NA,1,1,2,,,,,10,,,,3384,88.09,119500,41,467,1317,69
2024,549300MGPZBLQDIL7538,41740,CA,06073,06073019001,C,Conventional:First Lien,Single Family (1-4 Units):Site-Built,Not Hispanic or Latino,White,Female,1,1,2,1,4,1,2,2,2,455000.0,55.901,7.125,-0.095,2,4401.25,NA,1950,,,360,NA,NA,2,2,2,2,805000,1,1,3,5,1,NA,107,46,2,10,2,,,,,5,,,,,2,4,5,,,,,8,,,,,2,4,2,5,2,4,45-54,9999,No,NA,1,1,1,,,,,10,,,,6395,33.2,119500,89,1994,2509,38
2024,549300MGPZBLQDIL7538,41740,CA,06073,06073013906,C,Conventional:Subordinate Lien,Single Family (1-4 Units):Site-Built,Ethnicity Not Available,Race Not Available,Joint,1,0,2,1,4,2,2,2,2,65000.0,79.663,9,3.226,2,4335.93,NA,2907.68,1222.68,,360,NA,NA,2,2,2,2,825000,1,1,3,5,1,NA,148,42,2,2,3,,,,,3,,,,,2,2,6,,,,,6,,,,,2,2,1,2,2,2,55-64,55-64,Yes,No,1,1,6,,,,,10,,,,4965,73.27,119500,72,1062,1524,48
2024,549300MGPZBLQDIL7538,41740,CA,06073,06073017809,C,Conventional:Subordinate Lien,Single Family (1-4 Units):Site-Built,Ethnicity Not Available,Race Not Available,Joint,1,71,2,1,4,2,2,2,1,255000.0,43.273,9,NA,3,NA,NA,NA,NA,NA,240,NA,NA,2,1,2,2,3435000,1,3,3,5,1,NA,569,43,1,10,3,,,,,5,,,,,2,4,6,,,,,8,,,,,2,4,6,5,2,4,45-54,9999,No,NA,1,1,6,,,,,10,,,,2324,22.46,119500,138,604,831,46
2024,549300MGPZBLQDIL7538,41740,CA,06073,06073003209,C,Conventional:Subordinate Lien,Single Family (1-4 Units):Site-Built,Not Hispanic or Latino,Black or African American,Male,1,0,2,1,4,2,2,2,2,75000.0,52.493,9.625,3.474,2,3186.71,NA,1813.51,48.51,,300,NA,NA,2,2,2,2,585000,1,1,3,5,1,NA,76,38,1,10,2,,,,,5,,,,,2,4,3,,,,,8,,,,,2,4,1,5,2,4,55-64,9999,Yes,NA,1,1,6,,,,,10,,,,5397,91.75,119500,80,704,958,36
2024,549300MGPZBLQDIL7538,41740,CA,06073,06073016503,C,Conventional:Subordinate Lien,Single Family (1-4 Units):Site-Built,Not Hispanic or Latino,White,Joint,1,0,2,1,4,2,2,2,2,195000.0,84.885,9.125,2.798,2,4346.75,NA,2968.5,,,300,NA,NA,2,2,2,2,685000,1,1,3,5,1,NA,158,38,2,2,2,,,,,2,,,,,2,2,5,,,,,5,,,,,2,2,1,2,2,2,35-44,35-44,No,No,1,1,6,,,,,10,,,,3056,43.72,119500,96,472,752,46
2024,549300MGPZBLQDIL7538,41740,CA,06073,06073017606,C,FHA:First Lien,Single Family (1-4 Units):Site-Built,Not Hispanic or Latino,White,Female,1,0,2,2,4,1,1,1,2,135000.0,7.206,6.625,NA,3,NA,NA,NA,NA,NA,NA,NA,12,2,2,2,2,1855000,1,1,3,5,1,NA,24,>60%,3,10,2,,,,,5,,,,,2,4,5,,,,,8,,,,,2,4,2,5,2,4,>74,9999,Yes,NA,1,1,6,,,,,10,,,,3988,36.99,119500,100,832,1196,38
2024,549300MGPZBLQDIL7538,41740,CA,06073,06073003103,C,Conventional:Subordinate Lien,Single Family (1-4 Units):Site-Built,Not Hispanic or Latino,Black or African American,Joint,1,0,2,1,4,2,2,2,2,135000.0,69.629,9.625,3.557,2,4861.25,NA,3231,936,,360,NA,NA,2,2,2,2,745000,1,1,3,5,1,NA,162,46,2,2,2,,,,,2,,,,,2,2,3,,,,,3,,,,,2,2,2,1,2,2,45-54,55-64,No,No,1,1,6,,,,,10,,,,6242,92.58,119500,75,1384,1774,55
2024,549300MGPZBLQDIL7538,41740,CA,06073,06073003401,C,Conventional:Subordinate Lien,Single Family (1-4 Units):Site-Built,Ethnicity Not Available,Race Not Available,Joint,1,0,2,1,4,2,2,1,2,105000.0,73.217,9.375,NA,2,NA,NA,NA,NA,NA,120,NA,1,2,2,2,2,485000,1,1,3,5,1,NA,94,41,3,3,3,,,,,3,,,,,2,2,6,,,,,6,,,,,2,2,1,2,2,2,35-44,35-44,No,No,1,1,6,,,,,10,,,,6259,81.87,119500,68,1243,1669,53
2024,549300MGPZBLQDIL7538,41740,CA,06073,06073017055,C,Conventional:Subordinate Lien,Single Family (1-4 Units):Site-Built,Ethnicity Not Available,Asian,Joint,1,0,2,1,4,2,2,1,1,355000.0,56.325,10.5,NA,3,NA,NA,NA,NA,NA,360,NA,1,2,2,2,2,1385000,1,3,3,5,1,NA,798,36,1,2,3,,,,,3,,,,,2,2,2,,,,,2,,,,,2,2,1,2,2,2,35-44,35-44,No,No,1,1,6,,,,,10,,,,5125,55.47,119500,147,1348,1667,29
2024,549300MGPZBLQDIL7538,41740,CA,06073,06073017058,C,Conventional:First Lien,Single Family (1-4 Units):Site-Built,Not Hispanic or Latino,White,Female,1,0,2,1,4,1,2,2,1,55000.0,6.831,7.49,NA,3,NA,NA,NA,NA,NA,360,NA,NA,2,2,2,2,735000,1,3,3,5,1,NA,96,20%-<30%,3,10,2,,,,,5,,,,,2,4,5,,,,,8,,,,,2,4,2,5,2,4,45-54,9999,No,NA,1,1,1,,,,,10,,,,4048,48.52,119500,129,988,1169,32
2024,549300MGPZBLQDIL7538,41740,CA,06073,06073019205,C,Conventional:First Lien,Single Family (1-4 Units):Site-Built,Hispanic or Latino,Race Not Available,Male,1,0,2,1,4,1,2,2,1,275000.0,45,6.625,NA,3,NA,NA,NA,NA,NA,360,NA,NA,2,2,2,2,605000,1,3,3,5,1,NA,151,20%-<30%,1,10,1,11,,,,5,,,,,2,4,6,,,,,8,,,,,2,4,1,5,2,4,35-44,9999,No,NA,1,1,2,,,,,10,,,,6472,71.46,119500,84,989,1465,43
